record_id,matched_record_id,title,matched_title,match_type,severity,confidence,evidence,review_reason,suggested_reviewed_verdict,suggested_review_confidence,suggested_pair_class,label_basis,source_file,matched_source_file
31431,46092,LINC00152 Promotes the Growth and Invasion of Oral Squamous Cell Carcinoma by Regulating miR-139-5p,Long Noncoding RNA ST7-AS1 Upregulates TRPM7 Expression by Sponging microRNA-543 to Promote Cervical Cancer Progression,local_entity_substitution,medium,medium,"The abstracts have 27% masked-skeleton similarity and 22% original-text similarity, with 12 changed study-specific value(s); the strongest local match has 65% masked and 61% original similarity.","The abstracts retain highly similar wording after study-specific values are replaced. no shared trial ID, explicit study link, authors, or affiliations found. Review whether the submissions were independently prepared.",Probable template reuse,Medium,Possible template reuse,gold-vocabulary provisional label from detector local_entity_substitution,retracted_articles_asco-format.xml#31431,retracted_articles_asco-format.xml#46092
31431,53798,LINC00152 Promotes the Growth and Invasion of Oral Squamous Cell Carcinoma by Regulating miR-139-5p,"Long noncoding RNA UCA1 promotes cell growth, migration, and invasion by targeting miR-143-3p in oral squamous cell carcinoma",local_entity_substitution,medium,medium,"The abstracts have 30% masked-skeleton similarity and 27% original-text similarity, with 9 changed study-specific value(s); the strongest local match has 74% masked and 67% original similarity.","The abstracts retain highly similar wording after study-specific values are replaced. no shared trial ID, explicit study link, authors, or affiliations found. Review whether the submissions were independently prepared.",Probable template reuse,Medium,Possible template reuse,gold-vocabulary provisional label from detector local_entity_substitution,retracted_articles_asco-format.xml#31431,retracted_articles_asco-format.xml#53798
32214,32888,microRNA-493 Inhibits Tongue Squamous Cell Carcinoma Oncogenicity via Directly Targeting HMGA2,MicroRNA-761 Targets FGFR1 to Suppress the Malignancy of Osteosarcoma by Deactivating PI3K/Akt Pathway,local_entity_substitution,medium,medium,"The abstracts have 37% masked-skeleton similarity and 33% original-text similarity, with 8 changed study-specific value(s); the strongest local match has 65% masked and 56% original similarity.","The abstracts retain highly similar wording after study-specific values are replaced. no shared trial ID, explicit study link, authors, or affiliations found. Review whether the submissions were independently prepared.",Probable template reuse,Medium,Possible template reuse,gold-vocabulary provisional label from detector local_entity_substitution,retracted_articles_asco-format.xml#32214,retracted_articles_asco-format.xml#32888
32214,33037,microRNA-493 Inhibits Tongue Squamous Cell Carcinoma Oncogenicity via Directly Targeting HMGA2,MicroRNA-618 Directly Targets Metadherin mRNA to Suppress the Malignant Phenotype of Osteosarcoma Cells by Reducing PTEN-AKT Pathway Output,local_entity_substitution,medium,medium,"The abstracts have 29% masked-skeleton similarity and 28% original-text similarity, with 6 changed study-specific value(s); the strongest local match has 73% masked and 61% original similarity.","The abstracts retain highly similar wording after study-specific values are replaced. no shared trial ID, explicit study link, authors, or affiliations found. Review whether the submissions were independently prepared.",Probable template reuse,Medium,Possible template reuse,gold-vocabulary provisional label from detector local_entity_substitution,retracted_articles_asco-format.xml#32214,retracted_articles_asco-format.xml#33037
32214,34106,microRNA-493 Inhibits Tongue Squamous Cell Carcinoma Oncogenicity via Directly Targeting HMGA2,SNHG8 is Upregulated in Esophageal Squamous Cell Carcinoma and Directly Sponges microRNA-411 to Increase Oncogenicity by Upregulating KPNA2,local_entity_substitution,medium,medium,"The abstracts have 31% masked-skeleton similarity and 27% original-text similarity, with 10 changed study-specific value(s); the strongest local match has 64% masked and 64% original similarity.","The abstracts retain highly similar wording after study-specific values are replaced. no shared trial ID, explicit study link, authors, or affiliations found. Review whether the submissions were independently prepared.",Probable template reuse,Medium,Possible template reuse,gold-vocabulary provisional label from detector local_entity_substitution,retracted_articles_asco-format.xml#32214,retracted_articles_asco-format.xml#34106
32214,39269,microRNA-493 Inhibits Tongue Squamous Cell Carcinoma Oncogenicity via Directly Targeting HMGA2,LncRNA NOP14-AS1 Promotes Tongue Squamous Cell Carcinoma Progression by Targeting MicroRNA-665/HMGB3 Axis,local_entity_substitution,medium,medium,"The abstracts have 27% masked-skeleton similarity and 24% original-text similarity, with 11 changed study-specific value(s); the strongest local match has 67% masked and 64% original similarity.","The abstracts retain highly similar wording after study-specific values are replaced. no shared trial ID, explicit study link, authors, or affiliations found. Review whether the submissions were independently prepared.",Probable template reuse,Medium,Possible template reuse,gold-vocabulary provisional label from detector local_entity_substitution,retracted_articles_asco-format.xml#32214,retracted_articles_asco-format.xml#39269
32214,44096,microRNA-493 Inhibits Tongue Squamous Cell Carcinoma Oncogenicity via Directly Targeting HMGA2,MicroRNA-296 Targets Specificity Protein 1 to Suppress Cell Proliferation and Invasion in Cervical Cancer,local_entity_substitution,medium,medium,"The abstracts have 36% masked-skeleton similarity and 28% original-text similarity, with 9 changed study-specific value(s); the strongest local match has 77% masked and 67% original similarity.","The abstracts retain highly similar wording after study-specific values are replaced. no shared trial ID, explicit study link, authors, or affiliations found. Review whether the submissions were independently prepared.",Probable template reuse,Medium,Possible template reuse,gold-vocabulary provisional label from detector local_entity_substitution,retracted_articles_asco-format.xml#32214,retracted_articles_asco-format.xml#44096
32215,32823,microRNA-605 Directly Targets SOX9 to Alleviate the Aggressive Phenotypes of Glioblastoma Multiforme Cell Lines by Deactivating the PI3K/Akt Pathway,microRNA-769 is Downregulated in Colorectal Cancer and Inhibits Cancer Progression by Directly Targeting Cyclin-Dependent Kinase 1,local_entity_substitution,medium,medium,"The abstracts have 29% masked-skeleton similarity and 29% original-text similarity, with 10 changed study-specific value(s); the strongest local match has 67% masked and 61% original similarity.","The abstracts retain highly similar wording after study-specific values are replaced. no shared trial ID, explicit study link, authors, or affiliations found. Review whether the submissions were independently prepared.",Probable template reuse,Medium,Possible template reuse,gold-vocabulary provisional label from detector local_entity_substitution,retracted_articles_asco-format.xml#32215,retracted_articles_asco-format.xml#32823
32215,32889,microRNA-605 Directly Targets SOX9 to Alleviate the Aggressive Phenotypes of Glioblastoma Multiforme Cell Lines by Deactivating the PI3K/Akt Pathway,MicroRNA-652 Suppresses Malignant Phenotypes in Glioblastoma Multiforme via FOXK1-Mediated AKT/mTOR Signaling Pathway,local_entity_substitution,medium,medium,"The abstracts have 39% masked-skeleton similarity and 33% original-text similarity, with 12 changed study-specific value(s); the strongest local match has 73% masked and 64% original similarity.","The abstracts retain highly similar wording after study-specific values are replaced. no shared trial ID, explicit study link, authors, or affiliations found. Review whether the submissions were independently prepared.",Probable template reuse,Medium,Possible template reuse,gold-vocabulary provisional label from detector local_entity_substitution,retracted_articles_asco-format.xml#32215,retracted_articles_asco-format.xml#32889
32215,33036,microRNA-605 Directly Targets SOX9 to Alleviate the Aggressive Phenotypes of Glioblastoma Multiforme Cell Lines by Deactivating the PI3K/Akt Pathway,MicroRNA-769-5p Inhibits Pancreatic Ductal Adenocarcinoma Progression by Directly Targeting and Downregulating ETS Proto-Oncogene 1,local_entity_substitution,medium,medium,"The abstracts have 30% masked-skeleton similarity and 24% original-text similarity, with 10 changed study-specific value(s); the strongest local match has 69% masked and 62% original similarity.","The abstracts retain highly similar wording after study-specific values are replaced. no shared trial ID, explicit study link, authors, or affiliations found. Review whether the submissions were independently prepared.",Probable template reuse,Medium,Possible template reuse,gold-vocabulary provisional label from detector local_entity_substitution,retracted_articles_asco-format.xml#32215,retracted_articles_asco-format.xml#33036
32215,44096,microRNA-605 Directly Targets SOX9 to Alleviate the Aggressive Phenotypes of Glioblastoma Multiforme Cell Lines by Deactivating the PI3K/Akt Pathway,MicroRNA-296 Targets Specificity Protein 1 to Suppress Cell Proliferation and Invasion in Cervical Cancer,local_entity_substitution,medium,medium,"The abstracts have 29% masked-skeleton similarity and 23% original-text similarity, with 11 changed study-specific value(s); the strongest local match has 65% masked and 56% original similarity.","The abstracts retain highly similar wording after study-specific values are replaced. no shared trial ID, explicit study link, authors, or affiliations found. Review whether the submissions were independently prepared.",Probable template reuse,Medium,Possible template reuse,gold-vocabulary provisional label from detector local_entity_substitution,retracted_articles_asco-format.xml#32215,retracted_articles_asco-format.xml#44096
32219,32583,Long Non-Coding RNA ASB16-AS1 Functions as a miR-760 Sponge to Facilitate the Malignant Phenotype of Osteosarcoma by Increasing HDGF Expression,Long Noncoding RNA DLGAP1-AS1 Promotes the Aggressive Behavior of Gastric Cancer by Acting as a ceRNA for microRNA-628-5p and Raising Astrocyte Elevated Gene 1 Expression,local_entity_substitution,medium,medium,"The abstracts have 32% masked-skeleton similarity and 19% original-text similarity, with 11 changed study-specific value(s); the strongest local match has 71% masked and 63% original similarity.","The abstracts retain highly similar wording after study-specific values are replaced. no shared trial ID, explicit study link, authors, or affiliations found. Review whether the submissions were independently prepared.",Probable template reuse,Medium,Possible template reuse,gold-vocabulary provisional label from detector local_entity_substitution,retracted_articles_asco-format.xml#32219,retracted_articles_asco-format.xml#32583
32219,32888,Long Non-Coding RNA ASB16-AS1 Functions as a miR-760 Sponge to Facilitate the Malignant Phenotype of Osteosarcoma by Increasing HDGF Expression,MicroRNA-761 Targets FGFR1 to Suppress the Malignancy of Osteosarcoma by Deactivating PI3K/Akt Pathway,local_entity_substitution,medium,medium,"The abstracts have 28% masked-skeleton similarity and 26% original-text similarity, with 9 changed study-specific value(s); the strongest local match has 71% masked and 70% original similarity.","The abstracts retain highly similar wording after study-specific values are replaced. no shared trial ID, explicit study link, authors, or affiliations found. Review whether the submissions were independently prepared.",Probable template reuse,Medium,Possible template reuse,gold-vocabulary provisional label from detector local_entity_substitution,retracted_articles_asco-format.xml#32219,retracted_articles_asco-format.xml#32888
32219,33027,Long Non-Coding RNA ASB16-AS1 Functions as a miR-760 Sponge to Facilitate the Malignant Phenotype of Osteosarcoma by Increasing HDGF Expression,LINC01224 Exhibits Cancer-Promoting Activity in Epithelial Ovarian Cancer Through microRNA-485-5p-Mediated PAK4 Upregulation,local_entity_substitution,medium,medium,"The abstracts have 30% masked-skeleton similarity and 25% original-text similarity, with 12 changed study-specific value(s); the strongest local match has 65% masked and 60% original similarity.","The abstracts retain highly similar wording after study-specific values are replaced. no shared trial ID, explicit study link, authors, or affiliations found. Review whether the submissions were independently prepared.",Probable template reuse,Medium,Possible template reuse,gold-vocabulary provisional label from detector local_entity_substitution,retracted_articles_asco-format.xml#32219,retracted_articles_asco-format.xml#33027
32583,32985,Long Noncoding RNA DLGAP1-AS1 Promotes the Aggressive Behavior of Gastric Cancer by Acting as a ceRNA for microRNA-628-5p and Raising Astrocyte Elevated Gene 1 Expression,Long Non-Coding RNA LINC00491 Contributes to the Malignancy of Non-Small-Cell Lung Cancer via Competitively Binding to microRNA-324-5p and Thereby Increasing Specificity Protein 1 Expression,local_entity_substitution,medium,medium,"The abstracts have 32% masked-skeleton similarity and 24% original-text similarity, with 15 changed study-specific value(s); the strongest local match has 70% masked and 57% original similarity.","The abstracts retain highly similar wording after study-specific values are replaced. no shared trial ID, explicit study link, authors, or affiliations found. Review whether the submissions were independently prepared.",Probable template reuse,Medium,Possible template reuse,gold-vocabulary provisional label from detector local_entity_substitution,retracted_articles_asco-format.xml#32583,retracted_articles_asco-format.xml#32985
32583,33036,Long Noncoding RNA DLGAP1-AS1 Promotes the Aggressive Behavior of Gastric Cancer by Acting as a ceRNA for microRNA-628-5p and Raising Astrocyte Elevated Gene 1 Expression,MicroRNA-769-5p Inhibits Pancreatic Ductal Adenocarcinoma Progression by Directly Targeting and Downregulating ETS Proto-Oncogene 1,local_entity_substitution,medium,medium,"The abstracts have 31% masked-skeleton similarity and 28% original-text similarity, with 11 changed study-specific value(s); the strongest local match has 69% masked and 68% original similarity.","The abstracts retain highly similar wording after study-specific values are replaced. no shared trial ID, explicit study link, authors, or affiliations found. Review whether the submissions were independently prepared.",Probable template reuse,Medium,Possible template reuse,gold-vocabulary provisional label from detector local_entity_substitution,retracted_articles_asco-format.xml#32583,retracted_articles_asco-format.xml#33036
32583,33037,Long Noncoding RNA DLGAP1-AS1 Promotes the Aggressive Behavior of Gastric Cancer by Acting as a ceRNA for microRNA-628-5p and Raising Astrocyte Elevated Gene 1 Expression,MicroRNA-618 Directly Targets Metadherin mRNA to Suppress the Malignant Phenotype of Osteosarcoma Cells by Reducing PTEN-AKT Pathway Output,rare_exact_phrase,medium,medium,rare exact phrase; 0 uncommon sentence(s) matched; 5% shared-text coverage.,"rare exact phrase; 0 uncommon sentence(s), 5% shared-text coverage; no shared trial, authors, affiliations, or declared analysis found.",Probable template reuse / related duplicate,Medium,Possible template reuse,gold-vocabulary provisional label from detector rare_exact_phrase,retracted_articles_asco-format.xml#32583,retracted_articles_asco-format.xml#33037
32583,33485,Long Noncoding RNA DLGAP1-AS1 Promotes the Aggressive Behavior of Gastric Cancer by Acting as a ceRNA for microRNA-628-5p and Raising Astrocyte Elevated Gene 1 Expression,MicroRNA-675 Directly Targets MAPK1 to Suppress the Oncogenicity of Papillary Thyroid Cancer and is Sponged by Long Non-Coding RNA RMRP,local_entity_substitution,medium,medium,"The abstracts have 29% masked-skeleton similarity and 24% original-text similarity, with 11 changed study-specific value(s); the strongest local match has 64% masked and 62% original similarity.","The abstracts retain highly similar wording after study-specific values are replaced. no shared trial ID, explicit study link, authors, or affiliations found. Review whether the submissions were independently prepared.",Probable template reuse,Medium,Possible template reuse,gold-vocabulary provisional label from detector local_entity_substitution,retracted_articles_asco-format.xml#32583,retracted_articles_asco-format.xml#33485
32583,33488,Long Noncoding RNA DLGAP1-AS1 Promotes the Aggressive Behavior of Gastric Cancer by Acting as a ceRNA for microRNA-628-5p and Raising Astrocyte Elevated Gene 1 Expression,Long Intergenic Non-Coding RNA LINC00922 Aggravates the Malignant Phenotype of Breast Cancer by Regulating the microRNA-424-5p/BDNF Axis,local_entity_substitution,medium,medium,"The abstracts have 29% masked-skeleton similarity and 25% original-text similarity, with 13 changed study-specific value(s); the strongest local match has 70% masked and 55% original similarity.","The abstracts retain highly similar wording after study-specific values are replaced. no shared trial ID, explicit study link, authors, or affiliations found. Review whether the submissions were independently prepared.",Probable template reuse,Medium,Possible template reuse,gold-vocabulary provisional label from detector local_entity_substitution,retracted_articles_asco-format.xml#32583,retracted_articles_asco-format.xml#33488
32583,46070,Long Noncoding RNA DLGAP1-AS1 Promotes the Aggressive Behavior of Gastric Cancer by Acting as a ceRNA for microRNA-628-5p and Raising Astrocyte Elevated Gene 1 Expression,Long Noncoding RNA CCDC144NL-AS1 Promotes the Oncogenicity of Osteosarcoma by Acting as a Molecular Sponge for microRNA-490-3p and Thereby Increasing HMGA2 Expression,local_entity_substitution,medium,medium,"The abstracts have 36% masked-skeleton similarity and 29% original-text similarity, with 13 changed study-specific value(s); the strongest local match has 78% masked and 78% original similarity.","The abstracts retain highly similar wording after study-specific values are replaced. no shared trial ID, explicit study link, authors, or affiliations found. Review whether the submissions were independently prepared.",Probable template reuse,Medium,Possible template reuse,gold-vocabulary provisional label from detector local_entity_substitution,retracted_articles_asco-format.xml#32583,retracted_articles_asco-format.xml#46070
32588,32888,Long Noncoding RNA SNHG16 Silencing Inhibits the Aggressiveness of Gastric Cancer via Upregulation of microRNA-628-3p and Consequent Decrease of NRP1,MicroRNA-761 Targets FGFR1 to Suppress the Malignancy of Osteosarcoma by Deactivating PI3K/Akt Pathway,local_entity_substitution,medium,medium,"The abstracts have 38% masked-skeleton similarity and 30% original-text similarity, with 13 changed study-specific value(s); the strongest local match has 69% masked and 64% original similarity.","The abstracts retain highly similar wording after study-specific values are replaced. no shared trial ID, explicit study link, authors, or affiliations found. Review whether the submissions were independently prepared.",Probable template reuse,Medium,Possible template reuse,gold-vocabulary provisional label from detector local_entity_substitution,retracted_articles_asco-format.xml#32588,retracted_articles_asco-format.xml#32888
32588,33485,Long Noncoding RNA SNHG16 Silencing Inhibits the Aggressiveness of Gastric Cancer via Upregulation of microRNA-628-3p and Consequent Decrease of NRP1,MicroRNA-675 Directly Targets MAPK1 to Suppress the Oncogenicity of Papillary Thyroid Cancer and is Sponged by Long Non-Coding RNA RMRP,local_entity_substitution,medium,medium,"The abstracts have 33% masked-skeleton similarity and 26% original-text similarity, with 9 changed study-specific value(s); the strongest local match has 70% masked and 58% original similarity.","The abstracts retain highly similar wording after study-specific values are replaced. no shared trial ID, explicit study link, authors, or affiliations found. Review whether the submissions were independently prepared.",Probable template reuse,Medium,Possible template reuse,gold-vocabulary provisional label from detector local_entity_substitution,retracted_articles_asco-format.xml#32588,retracted_articles_asco-format.xml#33485
32650,32823,"miRNA-641 Inhibits the Proliferation, Migration, and Invasion and Induces Apoptosis of Cervical Cancer Cells by Directly Targeting ZEB1",microRNA-769 is Downregulated in Colorectal Cancer and Inhibits Cancer Progression by Directly Targeting Cyclin-Dependent Kinase 1,local_entity_substitution,medium,medium,"The abstracts have 31% masked-skeleton similarity and 22% original-text similarity, with 8 changed study-specific value(s); the strongest local match has 80% masked and 71% original similarity.","The abstracts retain highly similar wording after study-specific values are replaced. no shared trial ID, explicit study link, authors, or affiliations found. Review whether the submissions were independently prepared.",Probable template reuse,Medium,Possible template reuse,gold-vocabulary provisional label from detector local_entity_substitution,retracted_articles_asco-format.xml#32650,retracted_articles_asco-format.xml#32823
32650,32888,"miRNA-641 Inhibits the Proliferation, Migration, and Invasion and Induces Apoptosis of Cervical Cancer Cells by Directly Targeting ZEB1",MicroRNA-761 Targets FGFR1 to Suppress the Malignancy of Osteosarcoma by Deactivating PI3K/Akt Pathway,local_entity_substitution,medium,medium,"The abstracts have 30% masked-skeleton similarity and 28% original-text similarity, with 8 changed study-specific value(s); the strongest local match has 78% masked and 70% original similarity.","The abstracts retain highly similar wording after study-specific values are replaced. no shared trial ID, explicit study link, authors, or affiliations found. Review whether the submissions were independently prepared.",Probable template reuse,Medium,Possible template reuse,gold-vocabulary provisional label from detector local_entity_substitution,retracted_articles_asco-format.xml#32650,retracted_articles_asco-format.xml#32888
32650,33027,"miRNA-641 Inhibits the Proliferation, Migration, and Invasion and Induces Apoptosis of Cervical Cancer Cells by Directly Targeting ZEB1",LINC01224 Exhibits Cancer-Promoting Activity in Epithelial Ovarian Cancer Through microRNA-485-5p-Mediated PAK4 Upregulation,rare_exact_phrase,high,high,rare exact phrase; 0 uncommon sentence(s) matched; 5% shared-text coverage.,"rare exact phrase; 0 uncommon sentence(s), 5% shared-text coverage; no shared trial, authors, affiliations, or declared analysis found.",Probable template reuse / related duplicate,High,Possible template reuse,gold-vocabulary provisional label from detector rare_exact_phrase,retracted_articles_asco-format.xml#32650,retracted_articles_asco-format.xml#33027
32650,33483,"miRNA-641 Inhibits the Proliferation, Migration, and Invasion and Induces Apoptosis of Cervical Cancer Cells by Directly Targeting ZEB1",MicroRNA-936 targets FGF2 to inhibit epithelial ovarian cancer aggressiveness by deactivating the PI3K/Akt pathway,local_entity_substitution,medium,medium,"The abstracts have 33% masked-skeleton similarity and 28% original-text similarity, with 9 changed study-specific value(s); the strongest local match has 77% masked and 64% original similarity.","The abstracts retain highly similar wording after study-specific values are replaced. no shared trial ID, explicit study link, authors, or affiliations found. Review whether the submissions were independently prepared.",Probable template reuse,Medium,Possible template reuse,gold-vocabulary provisional label from detector local_entity_substitution,retracted_articles_asco-format.xml#32650,retracted_articles_asco-format.xml#33483
32650,33485,"miRNA-641 Inhibits the Proliferation, Migration, and Invasion and Induces Apoptosis of Cervical Cancer Cells by Directly Targeting ZEB1",MicroRNA-675 Directly Targets MAPK1 to Suppress the Oncogenicity of Papillary Thyroid Cancer and is Sponged by Long Non-Coding RNA RMRP,local_entity_substitution,medium,medium,"The abstracts have 23% masked-skeleton similarity and 21% original-text similarity, with 7 changed study-specific value(s); the strongest local match has 76% masked and 68% original similarity.","The abstracts retain highly similar wording after study-specific values are replaced. no shared trial ID, explicit study link, authors, or affiliations found. Review whether the submissions were independently prepared.",Probable template reuse,Medium,Possible template reuse,gold-vocabulary provisional label from detector local_entity_substitution,retracted_articles_asco-format.xml#32650,retracted_articles_asco-format.xml#33485
32823,32888,microRNA-769 is Downregulated in Colorectal Cancer and Inhibits Cancer Progression by Directly Targeting Cyclin-Dependent Kinase 1,MicroRNA-761 Targets FGFR1 to Suppress the Malignancy of Osteosarcoma by Deactivating PI3K/Akt Pathway,local_entity_substitution,medium,medium,"The abstracts have 33% masked-skeleton similarity and 28% original-text similarity, with 9 changed study-specific value(s); the strongest local match has 64% masked and 60% original similarity.","The abstracts retain highly similar wording after study-specific values are replaced. no shared trial ID, explicit study link, authors, or affiliations found. Review whether the submissions were independently prepared.",Probable template reuse,Medium,Possible template reuse,gold-vocabulary provisional label from detector local_entity_substitution,retracted_articles_asco-format.xml#32823,retracted_articles_asco-format.xml#32888
32823,33485,microRNA-769 is Downregulated in Colorectal Cancer and Inhibits Cancer Progression by Directly Targeting Cyclin-Dependent Kinase 1,MicroRNA-675 Directly Targets MAPK1 to Suppress the Oncogenicity of Papillary Thyroid Cancer and is Sponged by Long Non-Coding RNA RMRP,local_entity_substitution,medium,medium,"The abstracts have 23% masked-skeleton similarity and 24% original-text similarity, with 7 changed study-specific value(s); the strongest local match has 70% masked and 65% original similarity.","The abstracts retain highly similar wording after study-specific values are replaced. no shared trial ID, explicit study link, authors, or affiliations found. Review whether the submissions were independently prepared.",Probable template reuse,Medium,Possible template reuse,gold-vocabulary provisional label from detector local_entity_substitution,retracted_articles_asco-format.xml#32823,retracted_articles_asco-format.xml#33485
32823,33488,microRNA-769 is Downregulated in Colorectal Cancer and Inhibits Cancer Progression by Directly Targeting Cyclin-Dependent Kinase 1,Long Intergenic Non-Coding RNA LINC00922 Aggravates the Malignant Phenotype of Breast Cancer by Regulating the microRNA-424-5p/BDNF Axis,local_entity_substitution,medium,medium,"The abstracts have 15% masked-skeleton similarity and 13% original-text similarity, with 10 changed study-specific value(s); the strongest local match has 77% masked and 75% original similarity.","The abstracts retain highly similar wording after study-specific values are replaced. no shared trial ID, explicit study link, authors, or affiliations found. Review whether the submissions were independently prepared.",Probable template reuse,Medium,Possible template reuse,gold-vocabulary provisional label from detector local_entity_substitution,retracted_articles_asco-format.xml#32823,retracted_articles_asco-format.xml#33488
32888,32889,MicroRNA-761 Targets FGFR1 to Suppress the Malignancy of Osteosarcoma by Deactivating PI3K/Akt Pathway,MicroRNA-652 Suppresses Malignant Phenotypes in Glioblastoma Multiforme via FOXK1-Mediated AKT/mTOR Signaling Pathway,local_entity_substitution,medium,medium,"The abstracts have 33% masked-skeleton similarity and 27% original-text similarity, with 12 changed study-specific value(s); the strongest local match has 65% masked and 55% original similarity.","The abstracts retain highly similar wording after study-specific values are replaced. no shared trial ID, explicit study link, authors, or affiliations found. Review whether the submissions were independently prepared.",Probable template reuse,Medium,Possible template reuse,gold-vocabulary provisional label from detector local_entity_substitution,retracted_articles_asco-format.xml#32888,retracted_articles_asco-format.xml#32889
32888,33036,MicroRNA-761 Targets FGFR1 to Suppress the Malignancy of Osteosarcoma by Deactivating PI3K/Akt Pathway,MicroRNA-769-5p Inhibits Pancreatic Ductal Adenocarcinoma Progression by Directly Targeting and Downregulating ETS Proto-Oncogene 1,local_entity_substitution,medium,medium,"The abstracts have 29% masked-skeleton similarity and 24% original-text similarity, with 10 changed study-specific value(s); the strongest local match has 72% masked and 68% original similarity.","The abstracts retain highly similar wording after study-specific values are replaced. no shared trial ID, explicit study link, authors, or affiliations found. Review whether the submissions were independently prepared.",Probable template reuse,Medium,Possible template reuse,gold-vocabulary provisional label from detector local_entity_substitution,retracted_articles_asco-format.xml#32888,retracted_articles_asco-format.xml#33036
32888,33037,MicroRNA-761 Targets FGFR1 to Suppress the Malignancy of Osteosarcoma by Deactivating PI3K/Akt Pathway,MicroRNA-618 Directly Targets Metadherin mRNA to Suppress the Malignant Phenotype of Osteosarcoma Cells by Reducing PTEN-AKT Pathway Output,local_entity_substitution,medium,medium,"The abstracts have 35% masked-skeleton similarity and 32% original-text similarity, with 6 changed study-specific value(s); the strongest local match has 73% masked and 67% original similarity.","The abstracts retain highly similar wording after study-specific values are replaced. no shared trial ID, explicit study link, authors, or affiliations found. Review whether the submissions were independently prepared.",Probable template reuse,Medium,Possible template reuse,gold-vocabulary provisional label from detector local_entity_substitution,retracted_articles_asco-format.xml#32888,retracted_articles_asco-format.xml#33037
32888,33485,MicroRNA-761 Targets FGFR1 to Suppress the Malignancy of Osteosarcoma by Deactivating PI3K/Akt Pathway,MicroRNA-675 Directly Targets MAPK1 to Suppress the Oncogenicity of Papillary Thyroid Cancer and is Sponged by Long Non-Coding RNA RMRP,local_entity_substitution,medium,medium,"The abstracts have 40% masked-skeleton similarity and 33% original-text similarity, with 10 changed study-specific value(s); the strongest local match has 85% masked and 79% original similarity.","The abstracts retain highly similar wording after study-specific values are replaced. no shared trial ID, explicit study link, authors, or affiliations found. Review whether the submissions were independently prepared.",Probable template reuse,Medium,Possible template reuse,gold-vocabulary provisional label from detector local_entity_substitution,retracted_articles_asco-format.xml#32888,retracted_articles_asco-format.xml#33485
32889,33488,MicroRNA-652 Suppresses Malignant Phenotypes in Glioblastoma Multiforme via FOXK1-Mediated AKT/mTOR Signaling Pathway,Long Intergenic Non-Coding RNA LINC00922 Aggravates the Malignant Phenotype of Breast Cancer by Regulating the microRNA-424-5p/BDNF Axis,local_entity_substitution,medium,medium,"The abstracts have 16% masked-skeleton similarity and 14% original-text similarity, with 13 changed study-specific value(s); the strongest local match has 77% masked and 75% original similarity.","The abstracts retain highly similar wording after study-specific values are replaced. no shared trial ID, explicit study link, authors, or affiliations found. Review whether the submissions were independently prepared.",Probable template reuse,Medium,Possible template reuse,gold-vocabulary provisional label from detector local_entity_substitution,retracted_articles_asco-format.xml#32889,retracted_articles_asco-format.xml#33488
32983,32985,Long Non-Coding RNA UBA6-AS1 Promotes the Malignant Properties of Glioblastoma by Competitively Binding to microRNA-760 and Enhancing Homeobox A2 Expression,Long Non-Coding RNA LINC00491 Contributes to the Malignancy of Non-Small-Cell Lung Cancer via Competitively Binding to microRNA-324-5p and Thereby Increasing Specificity Protein 1 Expression,local_entity_substitution,medium,medium,"The abstracts have 35% masked-skeleton similarity and 29% original-text similarity, with 12 changed study-specific value(s); the strongest local match has 69% masked and 60% original similarity.","The abstracts retain highly similar wording after study-specific values are replaced. no shared trial ID, explicit study link, authors, or affiliations found. Review whether the submissions were independently prepared.",Probable template reuse,Medium,Possible template reuse,gold-vocabulary provisional label from detector local_entity_substitution,retracted_articles_asco-format.xml#32983,retracted_articles_asco-format.xml#32985
32983,33475,Long Non-Coding RNA UBA6-AS1 Promotes the Malignant Properties of Glioblastoma by Competitively Binding to microRNA-760 and Enhancing Homeobox A2 Expression,Long Noncoding RNA LINC00839 Promotes the Malignant Progression of Osteosarcoma by Competitively Binding to MicroRNA-454-3p and Consequently Increasing c-Met Expression,local_entity_substitution,medium,medium,"The abstracts have 33% masked-skeleton similarity and 26% original-text similarity, with 7 changed study-specific value(s); the strongest local match has 63% masked and 62% original similarity.","The abstracts retain highly similar wording after study-specific values are replaced. no shared trial ID, explicit study link, authors, or affiliations found. Review whether the submissions were independently prepared.",Probable template reuse,Medium,Possible template reuse,gold-vocabulary provisional label from detector local_entity_substitution,retracted_articles_asco-format.xml#32983,retracted_articles_asco-format.xml#33475
32985,33488,Long Non-Coding RNA LINC00491 Contributes to the Malignancy of Non-Small-Cell Lung Cancer via Competitively Binding to microRNA-324-5p and Thereby Increasing Specificity Protein 1 Expression,Long Intergenic Non-Coding RNA LINC00922 Aggravates the Malignant Phenotype of Breast Cancer by Regulating the microRNA-424-5p/BDNF Axis,local_entity_substitution,medium,medium,"The abstracts have 32% masked-skeleton similarity and 26% original-text similarity, with 12 changed study-specific value(s); the strongest local match has 80% masked and 67% original similarity.","The abstracts retain highly similar wording after study-specific values are replaced. no shared trial ID, explicit study link, authors, or affiliations found. Review whether the submissions were independently prepared.",Probable template reuse,Medium,Possible template reuse,gold-vocabulary provisional label from detector local_entity_substitution,retracted_articles_asco-format.xml#32985,retracted_articles_asco-format.xml#33488
32985,45374,Long Non-Coding RNA LINC00491 Contributes to the Malignancy of Non-Small-Cell Lung Cancer via Competitively Binding to microRNA-324-5p and Thereby Increasing Specificity Protein 1 Expression,LINC00958 Promotes the Malignancy of Nasopharyngeal Carcinoma by Sponging microRNA-625 and Thus Upregulating NUAK1,local_entity_substitution,medium,medium,"The abstracts have 29% masked-skeleton similarity and 19% original-text similarity, with 15 changed study-specific value(s); the strongest local match has 76% masked and 67% original similarity.","The abstracts retain highly similar wording after study-specific values are replaced. no shared trial ID, explicit study link, authors, or affiliations found. Review whether the submissions were independently prepared.",Probable template reuse,Medium,Possible template reuse,gold-vocabulary provisional label from detector local_entity_substitution,retracted_articles_asco-format.xml#32985,retracted_articles_asco-format.xml#45374
32985,46070,Long Non-Coding RNA LINC00491 Contributes to the Malignancy of Non-Small-Cell Lung Cancer via Competitively Binding to microRNA-324-5p and Thereby Increasing Specificity Protein 1 Expression,Long Noncoding RNA CCDC144NL-AS1 Promotes the Oncogenicity of Osteosarcoma by Acting as a Molecular Sponge for microRNA-490-3p and Thereby Increasing HMGA2 Expression,local_entity_substitution,medium,medium,"The abstracts have 31% masked-skeleton similarity and 22% original-text similarity, with 13 changed study-specific value(s); the strongest local match has 70% masked and 57% original similarity.","The abstracts retain highly similar wording after study-specific values are replaced. no shared trial ID, explicit study link, authors, or affiliations found. Review whether the submissions were independently prepared.",Probable template reuse,Medium,Possible template reuse,gold-vocabulary provisional label from detector local_entity_substitution,retracted_articles_asco-format.xml#32985,retracted_articles_asco-format.xml#46070
32985,46092,Long Non-Coding RNA LINC00491 Contributes to the Malignancy of Non-Small-Cell Lung Cancer via Competitively Binding to microRNA-324-5p and Thereby Increasing Specificity Protein 1 Expression,Long Noncoding RNA ST7-AS1 Upregulates TRPM7 Expression by Sponging microRNA-543 to Promote Cervical Cancer Progression,local_entity_substitution,medium,medium,"The abstracts have 29% masked-skeleton similarity and 25% original-text similarity, with 15 changed study-specific value(s); the strongest local match has 74% masked and 57% original similarity.","The abstracts retain highly similar wording after study-specific values are replaced. no shared trial ID, explicit study link, authors, or affiliations found. Review whether the submissions were independently prepared.",Probable template reuse,Medium,Possible template reuse,gold-vocabulary provisional label from detector local_entity_substitution,retracted_articles_asco-format.xml#32985,retracted_articles_asco-format.xml#46092
32985,46431,Long Non-Coding RNA LINC00491 Contributes to the Malignancy of Non-Small-Cell Lung Cancer via Competitively Binding to microRNA-324-5p and Thereby Increasing Specificity Protein 1 Expression,LINC00504 Promotes the Malignant Biological Behavior of Breast Cancer Cells by Upregulating HMGB3 via Decoying MicroRNA-876-3p,local_entity_substitution,medium,medium,"The abstracts have 33% masked-skeleton similarity and 26% original-text similarity, with 15 changed study-specific value(s); the strongest local match has 74% masked and 60% original similarity.","The abstracts retain highly similar wording after study-specific values are replaced. no shared trial ID, explicit study link, authors, or affiliations found. Review whether the submissions were independently prepared.",Probable template reuse,Medium,Possible template reuse,gold-vocabulary provisional label from detector local_entity_substitution,retracted_articles_asco-format.xml#32985,retracted_articles_asco-format.xml#46431
32985,46812,Long Non-Coding RNA LINC00491 Contributes to the Malignancy of Non-Small-Cell Lung Cancer via Competitively Binding to microRNA-324-5p and Thereby Increasing Specificity Protein 1 Expression,Long Intergenic Non-Coding RNA LINC00885 Promotes Tumorigenesis of Cervical Cancer by Upregulating MACC1 Expression Through Serving as a Competitive Endogenous RNA for microRNA-432-5p,local_entity_substitution,medium,medium,"The abstracts have 42% masked-skeleton similarity and 31% original-text similarity, with 15 changed study-specific value(s); the strongest local match has 78% masked and 59% original similarity.","The abstracts retain highly similar wording after study-specific values are replaced. no shared trial ID, explicit study link, authors, or affiliations found. Review whether the submissions were independently prepared.",Probable template reuse,Medium,Possible template reuse,gold-vocabulary provisional label from detector local_entity_substitution,retracted_articles_asco-format.xml#32985,retracted_articles_asco-format.xml#46812
33027,33475,LINC01224 Exhibits Cancer-Promoting Activity in Epithelial Ovarian Cancer Through microRNA-485-5p-Mediated PAK4 Upregulation,Long Noncoding RNA LINC00839 Promotes the Malignant Progression of Osteosarcoma by Competitively Binding to MicroRNA-454-3p and Consequently Increasing c-Met Expression,local_entity_substitution,medium,medium,"The abstracts have 29% masked-skeleton similarity and 23% original-text similarity, with 10 changed study-specific value(s); the strongest local match has 67% masked and 56% original similarity.","The abstracts retain highly similar wording after study-specific values are replaced. no shared trial ID, explicit study link, authors, or affiliations found. Review whether the submissions were independently prepared.",Probable template reuse,Medium,Possible template reuse,gold-vocabulary provisional label from detector local_entity_substitution,retracted_articles_asco-format.xml#33027,retracted_articles_asco-format.xml#33475
33027,33488,LINC01224 Exhibits Cancer-Promoting Activity in Epithelial Ovarian Cancer Through microRNA-485-5p-Mediated PAK4 Upregulation,Long Intergenic Non-Coding RNA LINC00922 Aggravates the Malignant Phenotype of Breast Cancer by Regulating the microRNA-424-5p/BDNF Axis,local_entity_substitution,medium,medium,"The abstracts have 39% masked-skeleton similarity and 33% original-text similarity, with 9 changed study-specific value(s); the strongest local match has 76% masked and 56% original similarity.","The abstracts retain highly similar wording after study-specific values are replaced. no shared trial ID, explicit study link, authors, or affiliations found. Review whether the submissions were independently prepared.",Probable template reuse,Medium,Possible template reuse,gold-vocabulary provisional label from detector local_entity_substitution,retracted_articles_asco-format.xml#33027,retracted_articles_asco-format.xml#33488
33027,46070,LINC01224 Exhibits Cancer-Promoting Activity in Epithelial Ovarian Cancer Through microRNA-485-5p-Mediated PAK4 Upregulation,Long Noncoding RNA CCDC144NL-AS1 Promotes the Oncogenicity of Osteosarcoma by Acting as a Molecular Sponge for microRNA-490-3p and Thereby Increasing HMGA2 Expression,local_entity_substitution,medium,medium,"The abstracts have 35% masked-skeleton similarity and 28% original-text similarity, with 12 changed study-specific value(s); the strongest local match has 74% masked and 60% original similarity.","The abstracts retain highly similar wording after study-specific values are replaced. no shared trial ID, explicit study link, authors, or affiliations found. Review whether the submissions were independently prepared.",Probable template reuse,Medium,Possible template reuse,gold-vocabulary provisional label from detector local_entity_substitution,retracted_articles_asco-format.xml#33027,retracted_articles_asco-format.xml#46070
33027,46093,LINC01224 Exhibits Cancer-Promoting Activity in Epithelial Ovarian Cancer Through microRNA-485-5p-Mediated PAK4 Upregulation,Long Noncoding RNA VPS9D1-AS1 Sequesters microRNA-525-5p to Promote the Oncogenicity of Colorectal Cancer Cells by Upregulating HMGA1,local_entity_substitution,medium,medium,"The abstracts have 30% masked-skeleton similarity and 24% original-text similarity, with 14 changed study-specific value(s); the strongest local match has 73% masked and 65% original similarity.","The abstracts retain highly similar wording after study-specific values are replaced. no shared trial ID, explicit study link, authors, or affiliations found. Review whether the submissions were independently prepared.",Probable template reuse,Medium,Possible template reuse,gold-vocabulary provisional label from detector local_entity_substitution,retracted_articles_asco-format.xml#33027,retracted_articles_asco-format.xml#46093
33027,46431,LINC01224 Exhibits Cancer-Promoting Activity in Epithelial Ovarian Cancer Through microRNA-485-5p-Mediated PAK4 Upregulation,LINC00504 Promotes the Malignant Biological Behavior of Breast Cancer Cells by Upregulating HMGB3 via Decoying MicroRNA-876-3p,local_entity_substitution,medium,medium,"The abstracts have 44% masked-skeleton similarity and 36% original-text similarity, with 12 changed study-specific value(s); the strongest local match has 75% masked and 67% original similarity.","The abstracts retain highly similar wording after study-specific values are replaced. no shared trial ID, explicit study link, authors, or affiliations found. Review whether the submissions were independently prepared.",Probable template reuse,Medium,Possible template reuse,gold-vocabulary provisional label from detector local_entity_substitution,retracted_articles_asco-format.xml#33027,retracted_articles_asco-format.xml#46431
33027,46812,LINC01224 Exhibits Cancer-Promoting Activity in Epithelial Ovarian Cancer Through microRNA-485-5p-Mediated PAK4 Upregulation,Long Intergenic Non-Coding RNA LINC00885 Promotes Tumorigenesis of Cervical Cancer by Upregulating MACC1 Expression Through Serving as a Competitive Endogenous RNA for microRNA-432-5p,local_entity_substitution,medium,medium,"The abstracts have 35% masked-skeleton similarity and 28% original-text similarity, with 12 changed study-specific value(s); the strongest local match has 67% masked and 59% original similarity.","The abstracts retain highly similar wording after study-specific values are replaced. no shared trial ID, explicit study link, authors, or affiliations found. Review whether the submissions were independently prepared.",Probable template reuse,Medium,Possible template reuse,gold-vocabulary provisional label from detector local_entity_substitution,retracted_articles_asco-format.xml#33027,retracted_articles_asco-format.xml#46812
33036,33483,MicroRNA-769-5p Inhibits Pancreatic Ductal Adenocarcinoma Progression by Directly Targeting and Downregulating ETS Proto-Oncogene 1,MicroRNA-936 targets FGF2 to inhibit epithelial ovarian cancer aggressiveness by deactivating the PI3K/Akt pathway,local_entity_substitution,medium,medium,"The abstracts have 29% masked-skeleton similarity and 28% original-text similarity, with 9 changed study-specific value(s); the strongest local match has 69% masked and 62% original similarity.","The abstracts retain highly similar wording after study-specific values are replaced. no shared trial ID, explicit study link, authors, or affiliations found. Review whether the submissions were independently prepared.",Probable template reuse,Medium,Possible template reuse,gold-vocabulary provisional label from detector local_entity_substitution,retracted_articles_asco-format.xml#33036,retracted_articles_asco-format.xml#33483
33036,33485,MicroRNA-769-5p Inhibits Pancreatic Ductal Adenocarcinoma Progression by Directly Targeting and Downregulating ETS Proto-Oncogene 1,MicroRNA-675 Directly Targets MAPK1 to Suppress the Oncogenicity of Papillary Thyroid Cancer and is Sponged by Long Non-Coding RNA RMRP,local_entity_substitution,medium,medium,"The abstracts have 34% masked-skeleton similarity and 31% original-text similarity, with 9 changed study-specific value(s); the strongest local match has 74% masked and 70% original similarity.","The abstracts retain highly similar wording after study-specific values are replaced. no shared trial ID, explicit study link, authors, or affiliations found. Review whether the submissions were independently prepared.",Probable template reuse,Medium,Possible template reuse,gold-vocabulary provisional label from detector local_entity_substitution,retracted_articles_asco-format.xml#33036,retracted_articles_asco-format.xml#33485
33475,33488,Long Noncoding RNA LINC00839 Promotes the Malignant Progression of Osteosarcoma by Competitively Binding to MicroRNA-454-3p and Consequently Increasing c-Met Expression,Long Intergenic Non-Coding RNA LINC00922 Aggravates the Malignant Phenotype of Breast Cancer by Regulating the microRNA-424-5p/BDNF Axis,local_entity_substitution,medium,medium,"The abstracts have 31% masked-skeleton similarity and 26% original-text similarity, with 8 changed study-specific value(s); the strongest local match has 74% masked and 60% original similarity.","The abstracts retain highly similar wording after study-specific values are replaced. no shared trial ID, explicit study link, authors, or affiliations found. Review whether the submissions were independently prepared.",Probable template reuse,Medium,Possible template reuse,gold-vocabulary provisional label from detector local_entity_substitution,retracted_articles_asco-format.xml#33475,retracted_articles_asco-format.xml#33488
33475,34106,Long Noncoding RNA LINC00839 Promotes the Malignant Progression of Osteosarcoma by Competitively Binding to MicroRNA-454-3p and Consequently Increasing c-Met Expression,SNHG8 is Upregulated in Esophageal Squamous Cell Carcinoma and Directly Sponges microRNA-411 to Increase Oncogenicity by Upregulating KPNA2,local_entity_substitution,medium,medium,"The abstracts have 29% masked-skeleton similarity and 25% original-text similarity, with 8 changed study-specific value(s); the strongest local match has 72% masked and 72% original similarity.","The abstracts retain highly similar wording after study-specific values are replaced. no shared trial ID, explicit study link, authors, or affiliations found. Review whether the submissions were independently prepared.",Probable template reuse,Medium,Possible template reuse,gold-vocabulary provisional label from detector local_entity_substitution,retracted_articles_asco-format.xml#33475,retracted_articles_asco-format.xml#34106
33475,39269,Long Noncoding RNA LINC00839 Promotes the Malignant Progression of Osteosarcoma by Competitively Binding to MicroRNA-454-3p and Consequently Increasing c-Met Expression,LncRNA NOP14-AS1 Promotes Tongue Squamous Cell Carcinoma Progression by Targeting MicroRNA-665/HMGB3 Axis,local_entity_substitution,medium,medium,"The abstracts have 38% masked-skeleton similarity and 32% original-text similarity, with 8 changed study-specific value(s); the strongest local match has 74% masked and 60% original similarity.","The abstracts retain highly similar wording after study-specific values are replaced. no shared trial ID, explicit study link, authors, or affiliations found. Review whether the submissions were independently prepared.",Probable template reuse,Medium,Possible template reuse,gold-vocabulary provisional label from detector local_entity_substitution,retracted_articles_asco-format.xml#33475,retracted_articles_asco-format.xml#39269
33475,45374,Long Noncoding RNA LINC00839 Promotes the Malignant Progression of Osteosarcoma by Competitively Binding to MicroRNA-454-3p and Consequently Increasing c-Met Expression,LINC00958 Promotes the Malignancy of Nasopharyngeal Carcinoma by Sponging microRNA-625 and Thus Upregulating NUAK1,local_entity_substitution,medium,medium,"The abstracts have 27% masked-skeleton similarity and 23% original-text similarity, with 10 changed study-specific value(s); the strongest local match has 65% masked and 59% original similarity.","The abstracts retain highly similar wording after study-specific values are replaced. no shared trial ID, explicit study link, authors, or affiliations found. Review whether the submissions were independently prepared.",Probable template reuse,Medium,Possible template reuse,gold-vocabulary provisional label from detector local_entity_substitution,retracted_articles_asco-format.xml#33475,retracted_articles_asco-format.xml#45374
33475,46070,Long Noncoding RNA LINC00839 Promotes the Malignant Progression of Osteosarcoma by Competitively Binding to MicroRNA-454-3p and Consequently Increasing c-Met Expression,Long Noncoding RNA CCDC144NL-AS1 Promotes the Oncogenicity of Osteosarcoma by Acting as a Molecular Sponge for microRNA-490-3p and Thereby Increasing HMGA2 Expression,local_entity_substitution,medium,high,"The abstracts have 37% masked-skeleton similarity and 28% original-text similarity, with 10 changed study-specific value(s); the strongest local match has 95% masked and 80% original similarity.","The abstracts retain highly similar wording after study-specific values are replaced. no shared trial ID, explicit study link, authors, or affiliations found. Review whether the submissions were independently prepared.",Probable template reuse,Medium,Possible template reuse,gold-vocabulary provisional label from detector local_entity_substitution,retracted_articles_asco-format.xml#33475,retracted_articles_asco-format.xml#46070
33475,46092,Long Noncoding RNA LINC00839 Promotes the Malignant Progression of Osteosarcoma by Competitively Binding to MicroRNA-454-3p and Consequently Increasing c-Met Expression,Long Noncoding RNA ST7-AS1 Upregulates TRPM7 Expression by Sponging microRNA-543 to Promote Cervical Cancer Progression,local_entity_substitution,medium,high,"The abstracts have 35% masked-skeleton similarity and 29% original-text similarity, with 11 changed study-specific value(s); the strongest local match has 89% masked and 70% original similarity.","The abstracts retain highly similar wording after study-specific values are replaced. no shared trial ID, explicit study link, authors, or affiliations found. Review whether the submissions were independently prepared.",Probable template reuse,Medium,Possible template reuse,gold-vocabulary provisional label from detector local_entity_substitution,retracted_articles_asco-format.xml#33475,retracted_articles_asco-format.xml#46092
33475,46093,Long Noncoding RNA LINC00839 Promotes the Malignant Progression of Osteosarcoma by Competitively Binding to MicroRNA-454-3p and Consequently Increasing c-Met Expression,Long Noncoding RNA VPS9D1-AS1 Sequesters microRNA-525-5p to Promote the Oncogenicity of Colorectal Cancer Cells by Upregulating HMGA1,local_entity_substitution,medium,medium,"The abstracts have 31% masked-skeleton similarity and 25% original-text similarity, with 11 changed study-specific value(s); the strongest local match has 77% masked and 70% original similarity.","The abstracts retain highly similar wording after study-specific values are replaced. no shared trial ID, explicit study link, authors, or affiliations found. Review whether the submissions were independently prepared.",Probable template reuse,Medium,Possible template reuse,gold-vocabulary provisional label from detector local_entity_substitution,retracted_articles_asco-format.xml#33475,retracted_articles_asco-format.xml#46093
33483,33485,MicroRNA-936 targets FGF2 to inhibit epithelial ovarian cancer aggressiveness by deactivating the PI3K/Akt pathway,MicroRNA-675 Directly Targets MAPK1 to Suppress the Oncogenicity of Papillary Thyroid Cancer and is Sponged by Long Non-Coding RNA RMRP,local_entity_substitution,medium,medium,"The abstracts have 35% masked-skeleton similarity and 32% original-text similarity, with 8 changed study-specific value(s); the strongest local match has 78% masked and 70% original similarity.","The abstracts retain highly similar wording after study-specific values are replaced. no shared trial ID, explicit study link, authors, or affiliations found. Review whether the submissions were independently prepared.",Probable template reuse,Medium,Possible template reuse,gold-vocabulary provisional label from detector local_entity_substitution,retracted_articles_asco-format.xml#33483,retracted_articles_asco-format.xml#33485
33483,34106,MicroRNA-936 targets FGF2 to inhibit epithelial ovarian cancer aggressiveness by deactivating the PI3K/Akt pathway,SNHG8 is Upregulated in Esophageal Squamous Cell Carcinoma and Directly Sponges microRNA-411 to Increase Oncogenicity by Upregulating KPNA2,local_entity_substitution,medium,medium,"The abstracts have 29% masked-skeleton similarity and 26% original-text similarity, with 13 changed study-specific value(s); the strongest local match has 70% masked and 70% original similarity.","The abstracts retain highly similar wording after study-specific values are replaced. no shared trial ID, explicit study link, authors, or affiliations found. Review whether the submissions were independently prepared.",Probable template reuse,Medium,Possible template reuse,gold-vocabulary provisional label from detector local_entity_substitution,retracted_articles_asco-format.xml#33483,retracted_articles_asco-format.xml#34106
33483,46070,MicroRNA-936 targets FGF2 to inhibit epithelial ovarian cancer aggressiveness by deactivating the PI3K/Akt pathway,Long Noncoding RNA CCDC144NL-AS1 Promotes the Oncogenicity of Osteosarcoma by Acting as a Molecular Sponge for microRNA-490-3p and Thereby Increasing HMGA2 Expression,local_entity_substitution,medium,medium,"The abstracts have 31% masked-skeleton similarity and 27% original-text similarity, with 13 changed study-specific value(s); the strongest local match has 68% masked and 69% original similarity.","The abstracts retain highly similar wording after study-specific values are replaced. no shared trial ID, explicit study link, authors, or affiliations found. Review whether the submissions were independently prepared.",Probable template reuse,Medium,Possible template reuse,gold-vocabulary provisional label from detector local_entity_substitution,retracted_articles_asco-format.xml#33483,retracted_articles_asco-format.xml#46070
33485,34106,MicroRNA-675 Directly Targets MAPK1 to Suppress the Oncogenicity of Papillary Thyroid Cancer and is Sponged by Long Non-Coding RNA RMRP,SNHG8 is Upregulated in Esophageal Squamous Cell Carcinoma and Directly Sponges microRNA-411 to Increase Oncogenicity by Upregulating KPNA2,local_entity_substitution,medium,medium,"The abstracts have 35% masked-skeleton similarity and 34% original-text similarity, with 11 changed study-specific value(s); the strongest local match has 64% masked and 64% original similarity.","The abstracts retain highly similar wording after study-specific values are replaced. no shared trial ID, explicit study link, authors, or affiliations found. Review whether the submissions were independently prepared.",Probable template reuse,Medium,Possible template reuse,gold-vocabulary provisional label from detector local_entity_substitution,retracted_articles_asco-format.xml#33485,retracted_articles_asco-format.xml#34106
33485,46092,MicroRNA-675 Directly Targets MAPK1 to Suppress the Oncogenicity of Papillary Thyroid Cancer and is Sponged by Long Non-Coding RNA RMRP,Long Noncoding RNA ST7-AS1 Upregulates TRPM7 Expression by Sponging microRNA-543 to Promote Cervical Cancer Progression,local_entity_substitution,medium,medium,"The abstracts have 27% masked-skeleton similarity and 23% original-text similarity, with 13 changed study-specific value(s); the strongest local match has 64% masked and 58% original similarity.","The abstracts retain highly similar wording after study-specific values are replaced. no shared trial ID, explicit study link, authors, or affiliations found. Review whether the submissions were independently prepared.",Probable template reuse,Medium,Possible template reuse,gold-vocabulary provisional label from detector local_entity_substitution,retracted_articles_asco-format.xml#33485,retracted_articles_asco-format.xml#46092
33488,34106,Long Intergenic Non-Coding RNA LINC00922 Aggravates the Malignant Phenotype of Breast Cancer by Regulating the microRNA-424-5p/BDNF Axis,SNHG8 is Upregulated in Esophageal Squamous Cell Carcinoma and Directly Sponges microRNA-411 to Increase Oncogenicity by Upregulating KPNA2,local_entity_substitution,medium,medium,"The abstracts have 28% masked-skeleton similarity and 23% original-text similarity, with 10 changed study-specific value(s); the strongest local match has 67% masked and 55% original similarity.","The abstracts retain highly similar wording after study-specific values are replaced. no shared trial ID, explicit study link, authors, or affiliations found. Review whether the submissions were independently prepared.",Probable template reuse,Medium,Possible template reuse,gold-vocabulary provisional label from detector local_entity_substitution,retracted_articles_asco-format.xml#33488,retracted_articles_asco-format.xml#34106
33488,39269,Long Intergenic Non-Coding RNA LINC00922 Aggravates the Malignant Phenotype of Breast Cancer by Regulating the microRNA-424-5p/BDNF Axis,LncRNA NOP14-AS1 Promotes Tongue Squamous Cell Carcinoma Progression by Targeting MicroRNA-665/HMGB3 Axis,local_entity_substitution,medium,medium,"The abstracts have 32% masked-skeleton similarity and 26% original-text similarity, with 10 changed study-specific value(s); the strongest local match has 70% masked and 55% original similarity.","The abstracts retain highly similar wording after study-specific values are replaced. no shared trial ID, explicit study link, authors, or affiliations found. Review whether the submissions were independently prepared.",Probable template reuse,Medium,Possible template reuse,gold-vocabulary provisional label from detector local_entity_substitution,retracted_articles_asco-format.xml#33488,retracted_articles_asco-format.xml#39269
33488,45374,Long Intergenic Non-Coding RNA LINC00922 Aggravates the Malignant Phenotype of Breast Cancer by Regulating the microRNA-424-5p/BDNF Axis,LINC00958 Promotes the Malignancy of Nasopharyngeal Carcinoma by Sponging microRNA-625 and Thus Upregulating NUAK1,local_entity_substitution,medium,medium,"The abstracts have 32% masked-skeleton similarity and 29% original-text similarity, with 12 changed study-specific value(s); the strongest local match has 67% masked and 58% original similarity.","The abstracts retain highly similar wording after study-specific values are replaced. no shared trial ID, explicit study link, authors, or affiliations found. Review whether the submissions were independently prepared.",Probable template reuse,Medium,Possible template reuse,gold-vocabulary provisional label from detector local_entity_substitution,retracted_articles_asco-format.xml#33488,retracted_articles_asco-format.xml#45374
33488,46092,Long Intergenic Non-Coding RNA LINC00922 Aggravates the Malignant Phenotype of Breast Cancer by Regulating the microRNA-424-5p/BDNF Axis,Long Noncoding RNA ST7-AS1 Upregulates TRPM7 Expression by Sponging microRNA-543 to Promote Cervical Cancer Progression,local_entity_substitution,medium,medium,"The abstracts have 28% masked-skeleton similarity and 24% original-text similarity, with 14 changed study-specific value(s); the strongest local match has 84% masked and 64% original similarity.","The abstracts retain highly similar wording after study-specific values are replaced. no shared trial ID, explicit study link, authors, or affiliations found. Review whether the submissions were independently prepared.",Probable template reuse,Medium,Possible template reuse,gold-vocabulary provisional label from detector local_entity_substitution,retracted_articles_asco-format.xml#33488,retracted_articles_asco-format.xml#46092
33488,46093,Long Intergenic Non-Coding RNA LINC00922 Aggravates the Malignant Phenotype of Breast Cancer by Regulating the microRNA-424-5p/BDNF Axis,Long Noncoding RNA VPS9D1-AS1 Sequesters microRNA-525-5p to Promote the Oncogenicity of Colorectal Cancer Cells by Upregulating HMGA1,local_entity_substitution,medium,medium,"The abstracts have 37% masked-skeleton similarity and 32% original-text similarity, with 12 changed study-specific value(s); the strongest local match has 65% masked and 55% original similarity.","The abstracts retain highly similar wording after study-specific values are replaced. no shared trial ID, explicit study link, authors, or affiliations found. Review whether the submissions were independently prepared.",Probable template reuse,Medium,Possible template reuse,gold-vocabulary provisional label from detector local_entity_substitution,retracted_articles_asco-format.xml#33488,retracted_articles_asco-format.xml#46093
34106,39269,SNHG8 is Upregulated in Esophageal Squamous Cell Carcinoma and Directly Sponges microRNA-411 to Increase Oncogenicity by Upregulating KPNA2,LncRNA NOP14-AS1 Promotes Tongue Squamous Cell Carcinoma Progression by Targeting MicroRNA-665/HMGB3 Axis,local_entity_substitution,medium,medium,"The abstracts have 34% masked-skeleton similarity and 26% original-text similarity, with 13 changed study-specific value(s); the strongest local match has 71% masked and 63% original similarity.","The abstracts retain highly similar wording after study-specific values are replaced. no shared trial ID, explicit study link, authors, or affiliations found. Review whether the submissions were independently prepared.",Probable template reuse,Medium,Possible template reuse,gold-vocabulary provisional label from detector local_entity_substitution,retracted_articles_asco-format.xml#34106,retracted_articles_asco-format.xml#39269
34106,46070,SNHG8 is Upregulated in Esophageal Squamous Cell Carcinoma and Directly Sponges microRNA-411 to Increase Oncogenicity by Upregulating KPNA2,Long Noncoding RNA CCDC144NL-AS1 Promotes the Oncogenicity of Osteosarcoma by Acting as a Molecular Sponge for microRNA-490-3p and Thereby Increasing HMGA2 Expression,local_entity_substitution,medium,medium,"The abstracts have 34% masked-skeleton similarity and 26% original-text similarity, with 14 changed study-specific value(s); the strongest local match has 76% masked and 64% original similarity.","The abstracts retain highly similar wording after study-specific values are replaced. no shared trial ID, explicit study link, authors, or affiliations found. Review whether the submissions were independently prepared.",Probable template reuse,Medium,Possible template reuse,gold-vocabulary provisional label from detector local_entity_substitution,retracted_articles_asco-format.xml#34106,retracted_articles_asco-format.xml#46070
39269,46070,LncRNA NOP14-AS1 Promotes Tongue Squamous Cell Carcinoma Progression by Targeting MicroRNA-665/HMGB3 Axis,Long Noncoding RNA CCDC144NL-AS1 Promotes the Oncogenicity of Osteosarcoma by Acting as a Molecular Sponge for microRNA-490-3p and Thereby Increasing HMGA2 Expression,local_entity_substitution,medium,medium,"The abstracts have 37% masked-skeleton similarity and 33% original-text similarity, with 10 changed study-specific value(s); the strongest local match has 70% masked and 64% original similarity.","The abstracts retain highly similar wording after study-specific values are replaced. no shared trial ID, explicit study link, authors, or affiliations found. Review whether the submissions were independently prepared.",Probable template reuse,Medium,Possible template reuse,gold-vocabulary provisional label from detector local_entity_substitution,retracted_articles_asco-format.xml#39269,retracted_articles_asco-format.xml#46070
39269,46092,LncRNA NOP14-AS1 Promotes Tongue Squamous Cell Carcinoma Progression by Targeting MicroRNA-665/HMGB3 Axis,Long Noncoding RNA ST7-AS1 Upregulates TRPM7 Expression by Sponging microRNA-543 to Promote Cervical Cancer Progression,local_entity_substitution,medium,medium,"The abstracts have 34% masked-skeleton similarity and 30% original-text similarity, with 11 changed study-specific value(s); the strongest local match has 74% masked and 64% original similarity.","The abstracts retain highly similar wording after study-specific values are replaced. no shared trial ID, explicit study link, authors, or affiliations found. Review whether the submissions were independently prepared.",Probable template reuse,Medium,Possible template reuse,gold-vocabulary provisional label from detector local_entity_substitution,retracted_articles_asco-format.xml#39269,retracted_articles_asco-format.xml#46092
39269,46093,LncRNA NOP14-AS1 Promotes Tongue Squamous Cell Carcinoma Progression by Targeting MicroRNA-665/HMGB3 Axis,Long Noncoding RNA VPS9D1-AS1 Sequesters microRNA-525-5p to Promote the Oncogenicity of Colorectal Cancer Cells by Upregulating HMGA1,local_entity_substitution,medium,medium,"The abstracts have 30% masked-skeleton similarity and 26% original-text similarity, with 11 changed study-specific value(s); the strongest local match has 65% masked and 62% original similarity.","The abstracts retain highly similar wording after study-specific values are replaced. no shared trial ID, explicit study link, authors, or affiliations found. Review whether the submissions were independently prepared.",Probable template reuse,Medium,Possible template reuse,gold-vocabulary provisional label from detector local_entity_substitution,retracted_articles_asco-format.xml#39269,retracted_articles_asco-format.xml#46093
39269,46431,LncRNA NOP14-AS1 Promotes Tongue Squamous Cell Carcinoma Progression by Targeting MicroRNA-665/HMGB3 Axis,LINC00504 Promotes the Malignant Biological Behavior of Breast Cancer Cells by Upregulating HMGB3 via Decoying MicroRNA-876-3p,local_entity_substitution,medium,medium,"The abstracts have 32% masked-skeleton similarity and 27% original-text similarity, with 11 changed study-specific value(s); the strongest local match has 74% masked and 57% original similarity.","The abstracts retain highly similar wording after study-specific values are replaced. no shared trial ID, explicit study link, authors, or affiliations found. Review whether the submissions were independently prepared.",Probable template reuse,Medium,Possible template reuse,gold-vocabulary provisional label from detector local_entity_substitution,retracted_articles_asco-format.xml#39269,retracted_articles_asco-format.xml#46431
45374,46070,LINC00958 Promotes the Malignancy of Nasopharyngeal Carcinoma by Sponging microRNA-625 and Thus Upregulating NUAK1,Long Noncoding RNA CCDC144NL-AS1 Promotes the Oncogenicity of Osteosarcoma by Acting as a Molecular Sponge for microRNA-490-3p and Thereby Increasing HMGA2 Expression,local_entity_substitution,medium,medium,"The abstracts have 31% masked-skeleton similarity and 23% original-text similarity, with 12 changed study-specific value(s); the strongest local match has 78% masked and 63% original similarity.","The abstracts retain highly similar wording after study-specific values are replaced. no shared trial ID, explicit study link, authors, or affiliations found. Review whether the submissions were independently prepared.",Probable template reuse,Medium,Possible template reuse,gold-vocabulary provisional label from detector local_entity_substitution,retracted_articles_asco-format.xml#45374,retracted_articles_asco-format.xml#46070
45374,46431,LINC00958 Promotes the Malignancy of Nasopharyngeal Carcinoma by Sponging microRNA-625 and Thus Upregulating NUAK1,LINC00504 Promotes the Malignant Biological Behavior of Breast Cancer Cells by Upregulating HMGB3 via Decoying MicroRNA-876-3p,local_entity_substitution,medium,medium,"The abstracts have 30% masked-skeleton similarity and 23% original-text similarity, with 12 changed study-specific value(s); the strongest local match has 73% masked and 65% original similarity.","The abstracts retain highly similar wording after study-specific values are replaced. no shared trial ID, explicit study link, authors, or affiliations found. Review whether the submissions were independently prepared.",Probable template reuse,Medium,Possible template reuse,gold-vocabulary provisional label from detector local_entity_substitution,retracted_articles_asco-format.xml#45374,retracted_articles_asco-format.xml#46431
45374,46812,LINC00958 Promotes the Malignancy of Nasopharyngeal Carcinoma by Sponging microRNA-625 and Thus Upregulating NUAK1,Long Intergenic Non-Coding RNA LINC00885 Promotes Tumorigenesis of Cervical Cancer by Upregulating MACC1 Expression Through Serving as a Competitive Endogenous RNA for microRNA-432-5p,local_entity_substitution,medium,medium,"The abstracts have 30% masked-skeleton similarity and 26% original-text similarity, with 13 changed study-specific value(s); the strongest local match has 65% masked and 56% original similarity.","The abstracts retain highly similar wording after study-specific values are replaced. no shared trial ID, explicit study link, authors, or affiliations found. Review whether the submissions were independently prepared.",Probable template reuse,Medium,Possible template reuse,gold-vocabulary provisional label from detector local_entity_substitution,retracted_articles_asco-format.xml#45374,retracted_articles_asco-format.xml#46812
46070,46092,Long Noncoding RNA CCDC144NL-AS1 Promotes the Oncogenicity of Osteosarcoma by Acting as a Molecular Sponge for microRNA-490-3p and Thereby Increasing HMGA2 Expression,Long Noncoding RNA ST7-AS1 Upregulates TRPM7 Expression by Sponging microRNA-543 to Promote Cervical Cancer Progression,local_entity_substitution,medium,medium,"The abstracts have 32% masked-skeleton similarity and 29% original-text similarity, with 11 changed study-specific value(s); the strongest local match has 84% masked and 73% original similarity.","The abstracts retain highly similar wording after study-specific values are replaced. no shared trial ID, explicit study link, authors, or affiliations found. Review whether the submissions were independently prepared.",Probable template reuse,Medium,Possible template reuse,gold-vocabulary provisional label from detector local_entity_substitution,retracted_articles_asco-format.xml#46070,retracted_articles_asco-format.xml#46092
46070,46431,Long Noncoding RNA CCDC144NL-AS1 Promotes the Oncogenicity of Osteosarcoma by Acting as a Molecular Sponge for microRNA-490-3p and Thereby Increasing HMGA2 Expression,LINC00504 Promotes the Malignant Biological Behavior of Breast Cancer Cells by Upregulating HMGB3 via Decoying MicroRNA-876-3p,local_entity_substitution,medium,medium,"The abstracts have 35% masked-skeleton similarity and 28% original-text similarity, with 14 changed study-specific value(s); the strongest local match has 84% masked and 67% original similarity.","The abstracts retain highly similar wording after study-specific values are replaced. no shared trial ID, explicit study link, authors, or affiliations found. Review whether the submissions were independently prepared.",Probable template reuse,Medium,Possible template reuse,gold-vocabulary provisional label from detector local_entity_substitution,retracted_articles_asco-format.xml#46070,retracted_articles_asco-format.xml#46431
46092,46431,Long Noncoding RNA ST7-AS1 Upregulates TRPM7 Expression by Sponging microRNA-543 to Promote Cervical Cancer Progression,LINC00504 Promotes the Malignant Biological Behavior of Breast Cancer Cells by Upregulating HMGB3 via Decoying MicroRNA-876-3p,local_entity_substitution,medium,high,"The abstracts have 37% masked-skeleton similarity and 32% original-text similarity, with 18 changed study-specific value(s); the strongest local match has 100% masked and 76% original similarity.","The abstracts retain highly similar wording after study-specific values are replaced. no shared trial ID, explicit study link, authors, or affiliations found. Review whether the submissions were independently prepared.",Probable template reuse,Medium,Possible template reuse,gold-vocabulary provisional label from detector local_entity_substitution,retracted_articles_asco-format.xml#46092,retracted_articles_asco-format.xml#46431
46093,46431,Long Noncoding RNA VPS9D1-AS1 Sequesters microRNA-525-5p to Promote the Oncogenicity of Colorectal Cancer Cells by Upregulating HMGA1,LINC00504 Promotes the Malignant Biological Behavior of Breast Cancer Cells by Upregulating HMGB3 via Decoying MicroRNA-876-3p,local_entity_substitution,medium,medium,"The abstracts have 35% masked-skeleton similarity and 34% original-text similarity, with 15 changed study-specific value(s); the strongest local match has 71% masked and 61% original similarity.","The abstracts retain highly similar wording after study-specific values are replaced. no shared trial ID, explicit study link, authors, or affiliations found. Review whether the submissions were independently prepared.",Probable template reuse,Medium,Possible template reuse,gold-vocabulary provisional label from detector local_entity_substitution,retracted_articles_asco-format.xml#46093,retracted_articles_asco-format.xml#46431
46093,46812,Long Noncoding RNA VPS9D1-AS1 Sequesters microRNA-525-5p to Promote the Oncogenicity of Colorectal Cancer Cells by Upregulating HMGA1,Long Intergenic Non-Coding RNA LINC00885 Promotes Tumorigenesis of Cervical Cancer by Upregulating MACC1 Expression Through Serving as a Competitive Endogenous RNA for microRNA-432-5p,local_entity_substitution,medium,medium,"The abstracts have 32% masked-skeleton similarity and 26% original-text similarity, with 14 changed study-specific value(s); the strongest local match has 75% masked and 65% original similarity.","The abstracts retain highly similar wording after study-specific values are replaced. no shared trial ID, explicit study link, authors, or affiliations found. Review whether the submissions were independently prepared.",Probable template reuse,Medium,Possible template reuse,gold-vocabulary provisional label from detector local_entity_substitution,retracted_articles_asco-format.xml#46093,retracted_articles_asco-format.xml#46812
46431,46812,LINC00504 Promotes the Malignant Biological Behavior of Breast Cancer Cells by Upregulating HMGB3 via Decoying MicroRNA-876-3p,Long Intergenic Non-Coding RNA LINC00885 Promotes Tumorigenesis of Cervical Cancer by Upregulating MACC1 Expression Through Serving as a Competitive Endogenous RNA for microRNA-432-5p,local_entity_substitution,medium,medium,"The abstracts have 31% masked-skeleton similarity and 28% original-text similarity, with 13 changed study-specific value(s); the strongest local match has 71% masked and 61% original similarity.","The abstracts retain highly similar wording after study-specific values are replaced. no shared trial ID, explicit study link, authors, or affiliations found. Review whether the submissions were independently prepared.",Probable template reuse,Medium,Possible template reuse,gold-vocabulary provisional label from detector local_entity_substitution,retracted_articles_asco-format.xml#46431,retracted_articles_asco-format.xml#46812
