csv_line,record_id,title,filter_rule,abstract_text
91,41209.0,"Schizandrin A inhibits proliferation, migration and invasion of thyroid cancer cell line TPC-1 by down regulation of microRNA-429",article_retracted,"This article has been retracted, and the online PDF has been watermarked ``RETRACTION''. The retraction notice is available at http://doi.org/10.3233/CBM-229008."
92,41208.0,"MicroRNA-146-5p promotes proliferation, migration and invasion in lung cancer cells by targeting claudin-12",article_retracted,"This article has been retracted, and the online PDF has been watermarked ``RETRACTION''. The retraction notice is available at http://doi.org/10.3233/CBM-229009."
93,41207.0,Knockdown of lncRNA CCAT2 inhibits endometrial cancer cells growth and metastasis via sponging miR-216b,article_retracted,"This article has been retracted, and the online PDF has been watermarked ``RETRACTION''. The retraction notice is available at http://doi.org/10.3233/CBM-229010."
99,40205.0,Tim-4 promotes the growth of colorectal cancer by activating angiogenesis and recruiting tumor-associated macrophages via the PI3K/AKT/mTOR signaling pathway,article_retracted,"This article has been retracted: please see Elsevier Policy on Article Withdrawal (http://www.elsevier.com/locate/withdrawalpolicy). This article has been retracted at the request of the authors. After publication, the authors noted unreliable data in the experimental validations. Specifically, representative images of IHC staining for CD31 and α-SMA in CT26-Vector and CT26-Tim-4 tumors in Fig. 2C and the expression of MMP9, VEGF and LOX in CT26-Tim-4 and CT26-Vector tumors was assessed by immunohistochemistry in Fig. 2E; incorrect photos were provided due to file placement confusion. All authors “agree with this retraction and deeply regret these errors and apologize to the editorial board and readers for any inconvenience caused.” Additionally, after publication, the journal was made aware of comments in relation to this article (https://pubpeer.com/publications/D191AE022DDD7B810564039CB16395). The authors have not responded to the journal request to respond to these comments."
100,40198.0,Long non-coding RNA LINC00160 functions as a decoy of microRNA-132 to mediate autophagy and drug resistance in hepatocellular carcinoma via inhibition of PIK3R3,article_retracted,"This article has been retracted: please see Elsevier Policy on Article Withdrawal (http://www.elsevier.com/locate/withdrawalpolicy). This article has been retracted at the request of the authors. Following the publication of the above article, the authors found that “LINC00160 did not affect Atg5 and P65 protein expression in HCC cells, which was inconsistent with the result of this paper. Furthermore, we apologize to the readership of the Journal for any inconvenience caused.” Additionally, after publication, the journal was made aware of comments in relation to this article (https://pubpeer.com/publications/333AE65483683ADF50A723BE34AD62). The authors have not responded to our request to respond to these comments."
103,39502.0,MicroRNA-152 inhibits tumor cell growth while inducing apoptosis via the transcriptional repression of cathepsin L in gastrointestinal stromal tumor,article_retracted,"This article has been retracted, and the online PDF has been watermarked ``RETRACTION''. The retraction notice is available at http://doi.org/10.3233/CBM229005."
104,39501.0,Long non-coding RNA HULC promotes bladder cancer cells proliferation but inhibits apoptosis via regulation of ZIC2 and PI3K/AKT signaling pathway,article_retracted,"This article has been retracted, and the online PDF has been watermarked ``RETRACTION''. The retraction notice is available at http://doi.org/10.3233/CBM229006."
105,39495.0,MicroRNA-1246 inhibits cell invasion and epithelial mesenchymal transition process by targeting CXCR4 in lung cancer cells,article_retracted,"This article has been retracted, and the online PDF has been watermarked ``RETRACTION''. The retraction notice is available at http://doi.org/10.3233/CBM229007."
118,37672.0,miR-199a-5p suppresses epithelial- mesenchymal-transition in anaplastic thyroid carcinoma cells via targeting Snail signals,article_retracted,"This article has been retracted, and the online PDF has been watermarked ``RETRACTION''. The retraction notice is available at http://doi.org/10.3233/CBM219902."
124,35486.0,MicroRNA-185 inhibits cell proliferation while promoting apoptosis and autophagy through negative regulation of TGF-β1/mTOR axis and HOXC6 in nasopharyngeal carcinoma,article_retracted,"This article has been retracted, and the online PDF replaced with this retraction notice. doi: 10.3233/CBM-220951"
129,35051.0,Effects of exogenous IL-37 on the biological characteristics of human lung adenocarcinoma A549 cells and the chemotaxis of regulatory T cells,article_retracted,"This article has been retracted, and the online PDF replaced with this retraction notice."
159,32802.0,Immature Colon Carcinoma Transcript 1 Is Essential for Prostate Cancer Cell Viability and Proliferation,publisher_formal_retraction_notice,"Cancer Biotherapy and Radiopharmaceuticals officially retracts the article entitled, “Immature Colon Carcinoma Transcript 1 Is Essential for Prostate Cancer Cell Viability and Proliferation,” by Zhijun Wang, Danfeng Xu, Yi Gao, Yushan Liu, Jizhong Ren, Yacheng Yao, Lei Yin, Jie Chen, Sishun Gan, and Xingang Cui, (Cancer Biother Radiopharm 2015;30(7):278–284; doi: 10.1089/cbr.2014.1728) due to incorrectly attributed or identified sequences. Several figures and text within the methods section are strikingly similar to those in other publications 1–3 and suggests that same party prepared these papers for entirely different author sets. The Editor and Publisher of Cancer Biotherapy and Radiopharmaceuticals are committed to preserving the scientific literature and the community it serves. References 1. Zhang C, Zhang T, Song E, et al. Ribosomal protein S15A augments human osteosarcoma xell proliferation in vitro. Cancer Biother Radiopharm 2018;29(10):451–456; doi: 10.1089/cbr.2014.1698. 2. Wang H, Wang B, Zhu W. et al. Lentivirus-mediated knockdown of myosin VI inhibits cell proliferation of breast cancer cell. Cancer Biother Radiopharm 2015;30(8):330–335; doi: 10.1089/cbr.2014.1759. 3. Zhao S, Chen X, Wan M, et al. Tectonic 1 is a key regulator of cell proliferation in pancreatic cancer. Cancer Biother Radiopharm 2016;31(1):7–13; doi: 10.1089/cbr.2014.1778."
161,32798.0,Lentivirus-Mediated Knockdown of Myosin VI Inhibits Cell Proliferation of Breast Cancer Cell,publisher_formal_retraction_notice,"Cancer Biotherapy and Radiopharmaceuticals officially retracts the article entitled, “Lentivirus-Mediated Knockdown of Myosin VI Inhibits Cell Proliferation of Breast Cancer Cell,” by Hong Wang, Biyun Wang, Wei Zhu, and Ziang Yang, (Cancer Biother Radiopharm 2015;30(8):330–335; doi: 10.1089/cbr.2014.1759) due to incorrectly attributed or identified sequences. Several figures and text within the methods section are strikingly similar to those in other publications 1–3 and suggests that same party prepared these papers for entirely different author sets. The Editor and Publisher of Cancer Biotherapy and Radiopharmaceuticals are committed to preserving the scientific literature and the community it serves. References 1. Wang Z, Xu D, Gao Y, et al. Immature colon carcinoma transcript 1 is essential for prostate cancer cell viability and proliferation. Cancer Biother Radiopharm 2015;30(7):278–284; doi: 10.1089/cbr.2014.1728. 2. Zhang C, Zhang T, Song E, et al. Ribosomal protein S15A augments human osteosarcoma xell proliferation in vitro. Cancer Biother Radiopharm 2018;29(10):451–456; doi: 10.1089/cbr.2014.1698. 3. Zhao S, Chen X, Wan M, et al. Tectonic 1 is a key regulator of cell proliferation in pancreatic cancer. Cancer Biother Radiopharm 2016;31(1):7–13; doi: 10.1089/cbr.2014.1778."
201,26872.0,Upregulation of MicroRNA-935 Promotes the Malignant Behaviors of Pancreatic Carcinoma PANC-1 Cells via Targeting Inositol Polyphosphate 4-Phosphatase Type I Gene (INPP4A),article_withdrawn_by_publisher,THIS ARTICLE WAS WITHDRAWN BY THE PUBLISHER IN NOVEMBER 2020
202,26871.0,MicroRNA-223 Promotes Tumor Progression in Lung Cancer A549 Cells via Activation of the NF-κB Signaling Pathway,article_withdrawn_by_publisher,THIS ARTICLE WAS WITHDRAWN BY THE PUBLISHER IN NOVEMBER 2020
203,26870.0,MicroRNA-16-1 Inhibits Tumor Cell Proliferation and Induces Apoptosis in A549 Non-Small Cell Lung Carcinoma Cells,article_withdrawn_by_publisher,THIS ARTICLE WAS WITHDRAWN BY THE PUBLISHER IN NOVEMBER 2020
206,24700.0,Downregulation of SRC Kinase Signaling Inhibitor 1 (SRCIN1) Expression by MicroRNA-32 Promotes Proliferation and Epithelial‐Mesenchymal Transition in Human Liver Cancer Cells,article_withdrawn_by_publisher,THIS ARTICLE WAS WITHDRAWN BY THE PUBLISHER IN NOVEMBER 2020
207,24699.0,Overexpression of MicroRNA-34a-5p Inhibits Proliferation and Promotes Apoptosis of Human Cervical Cancer Cells by Downregulation of Bcl-2,article_withdrawn_by_publisher,THIS ARTICLE WAS WITHDRAWN BY THE PUBLISHERS IN OCTOBER 2020.
208,24698.0,Knockdown of Long Noncoding RNA LINC00152 Suppresses Cellular Proliferation and Invasion in Glioma Cells by Regulating miR-4775,article_withdrawn_by_publisher,THIS ARTICLE WAS WITHDRAWN BY THE PUBLISHERS IN OCTOBER 2020.
209,24696.0,miR-630 Inhibits Epithelial-to-Mesenchymal Transition (EMT) by Regulating the Wnt/β-Catenin Pathway in Gastric Cancer Cells,article_withdrawn_by_publisher,THIS ARTICLE WAS WITHDRAWN BY THE PUBLISHERS IN OCTOBER 2020.
210,24695.0,"Long Noncoding RNA TUNAR Represses Growth, Migration, and Invasion of Human Glioma Cells Through Regulating miR-200a and Rac1",article_withdrawn_by_publisher,THIS ARTICLE WAS WITHDRAWN BY THE PUBLISHERS IN OCTOBER 2020.
211,24065.0,MicroRNA-937 inhibits cell proliferation and metastasis in gastric cancer cells by downregulating FOXL2,article_retracted,"This article has been retracted, and the online PDF replaced with this retraction notice."
213,24026.0,The targeted regulation of Gli1 by miR-361 to inhibit epithelia-mesenchymal transition and invasion of esophageal carcinoma cells,article_retracted,"This article has been retracted, and the online PDF replaced with this retraction notice."
