source_file,schema_type,record_id,doi,title,abstract_text,keywords,authors,affiliations,journal,article_type,publication_year,raw_text,parse_status,parse_warnings
synT001.xml,article,synT001,10.1200/JCO.2026.44.16_suppl.synT001,Real-world effectiveness of trastuzumab deruxtecan in HER2-low metastatic breast cancer.,"synT001 The effectiveness of trastuzumab deruxtecan outside clinical trials remains incompletely characterized for HER2-low metastatic breast cancer. We evaluated treatment patterns, clinical outcomes, and safety in a multi-institutional real-world cohort We retrospectively identified consecutive adults with HER2-low metastatic breast cancer who initiated trastuzumab deruxtecan between 2021 and 2025 across six oncology centers. Demographic, clinicopathologic, treatment, and outcome data were abstracted from electronic records using a common data model. The primary endpoint was real-world progression-free survival (rwPFS); secondary endpoints included objective response rate (ORR), overall survival (OS), treatment duration, and grade 3 or higher adverse events. Time-to-event outcomes were estimated using Kaplan–Meier methods The analysis included 286 patients with a median age of 61 years; 98% were female and the median number of prior systemic treatment lines was two. After a median follow-up of 18.4 months, ORR was 47.2%, median rwPFS was 8.7 months, and median OS was 21.3 months. Grade 3 or higher treatment-related adverse events occurred in 24.1% of patients. Interstitial lung disease was documented in 7.0%. In exploratory subgroup analysis, patients with IHC 2+/ISH-negative disease had a median rwPFS of 10.2 months In routine practice, trastuzumab deruxtecan demonstrated clinically meaningful activity in HER2-low metastatic breast cancer, with outcomes generally consistent with its established treatment role. Toxicity remained manageable, although monitoring for interstitial lung disease is warranted. These findings support continued real-world evaluation in broader and underrepresented patient populations. Research Sponsor: None.",283-217 | 261-492 | 3282-206 | 4 | 3 | 2,Priya Nair | Daniel Okafor | Mateo Silva,"Riverside University Medical Center, Chicago, IL | Central Oncology Research Hospital, Houston, TX | Westlake Comprehensive Cancer Center, Seattle, WA",Journal of Clinical Oncology,Breast Cancer—Metastatic,2026,"Real-world effectiveness of trastuzumab deruxtecan in HER2-low metastatic breast cancer. synT001 The effectiveness of trastuzumab deruxtecan outside clinical trials remains incompletely characterized for HER2-low metastatic breast cancer. We evaluated treatment patterns, clinical outcomes, and safety in a multi-institutional real-world cohort We retrospectively identified consecutive adults with HER2-low metastatic breast cancer who initiated trastuzumab deruxtecan between 2021 and 2025 across six oncology centers. Demographic, clinicopathologic, treatment, and outcome data were abstracted from electronic records using a common data model. The primary endpoint was real-world progression-free survival (rwPFS); secondary endpoints included objective response rate (ORR), overall survival (OS), treatment duration, and grade 3 or higher adverse events. Time-to-event outcomes were estimated using Kaplan–Meier methods The analysis included 286 patients with a median age of 61 years; 98% were female and the median number of prior systemic treatment lines was two. After a median follow-up of 18.4 months, ORR was 47.2%, median rwPFS was 8.7 months, and median OS was 21.3 months. Grade 3 or higher treatment-related adverse events occurred in 24.1% of patients. Interstitial lung disease was documented in 7.0%. In exploratory subgroup analysis, patients with IHC 2+/ISH-negative disease had a median rwPFS of 10.2 months In routine practice, trastuzumab deruxtecan demonstrated clinically meaningful activity in HER2-low metastatic breast cancer, with outcomes generally consistent with its established treatment role. Toxicity remained manageable, although monitoring for interstitial lung disease is warranted. These findings support continued real-world evaluation in broader and underrepresented patient populations. Research Sponsor: None.",parsed,
synT002.xml,article,synT002,10.1200/JCO.2026.44.16_suppl.synT002,Real-world effectiveness of osimertinib in EGFR-mutated metastatic non-small cell lung cancer.,"synT002 The effectiveness of osimertinib outside clinical trials remains incompletely characterized for EGFR-mutated metastatic non-small cell lung cancer. We evaluated treatment patterns, clinical outcomes, and safety in a multi-institutional real-world cohort We retrospectively identified consecutive adults with EGFR-mutated metastatic non-small cell lung cancer who initiated osimertinib between 2020 and 2025 across six oncology centers. Demographic, clinicopathologic, treatment, and outcome data were abstracted from electronic records using a common data model. The primary endpoint was real-world progression-free survival (rwPFS); secondary endpoints included objective response rate (ORR), overall survival (OS), treatment duration, and grade 3 or higher adverse events. Time-to-event outcomes were estimated using Kaplan–Meier methods The analysis included 341 patients with a median age of 67 years; 64% were female and the median number of prior systemic treatment lines was one. After a median follow-up of 22.1 months, ORR was 61.8%, median rwPFS was 14.6 months, and median OS was 30.8 months. Grade 3 or higher treatment-related adverse events occurred in 18.7% of patients. Pneumonitis was documented in 3.8%. In exploratory subgroup analysis, patients with exon 19 deletion had a median rwPFS of 16.1 months In routine practice, osimertinib demonstrated clinically meaningful activity in EGFR-mutated metastatic non-small cell lung cancer, with outcomes generally consistent with its established treatment role. Toxicity remained manageable, although monitoring for pneumonitis is warranted. These findings support continued real-world evaluation in broader and underrepresented patient populations. Research Sponsor: None.",283-217 | 261-492 | 3282-206 | 4 | 3 | 2,Sara Khan | Maya Thompson | Ethan Williams,"Central Oncology Research Hospital, Houston, TX | Westlake Comprehensive Cancer Center, Seattle, WA | Harborview Institute of Oncology, San Diego, CA",Journal of Clinical Oncology,Lung Cancer—Non-Small Cell Metastatic,2026,"Real-world effectiveness of osimertinib in EGFR-mutated metastatic non-small cell lung cancer. synT002 The effectiveness of osimertinib outside clinical trials remains incompletely characterized for EGFR-mutated metastatic non-small cell lung cancer. We evaluated treatment patterns, clinical outcomes, and safety in a multi-institutional real-world cohort We retrospectively identified consecutive adults with EGFR-mutated metastatic non-small cell lung cancer who initiated osimertinib between 2020 and 2025 across six oncology centers. Demographic, clinicopathologic, treatment, and outcome data were abstracted from electronic records using a common data model. The primary endpoint was real-world progression-free survival (rwPFS); secondary endpoints included objective response rate (ORR), overall survival (OS), treatment duration, and grade 3 or higher adverse events. Time-to-event outcomes were estimated using Kaplan–Meier methods The analysis included 341 patients with a median age of 67 years; 64% were female and the median number of prior systemic treatment lines was one. After a median follow-up of 22.1 months, ORR was 61.8%, median rwPFS was 14.6 months, and median OS was 30.8 months. Grade 3 or higher treatment-related adverse events occurred in 18.7% of patients. Pneumonitis was documented in 3.8%. In exploratory subgroup analysis, patients with exon 19 deletion had a median rwPFS of 16.1 months In routine practice, osimertinib demonstrated clinically meaningful activity in EGFR-mutated metastatic non-small cell lung cancer, with outcomes generally consistent with its established treatment role. Toxicity remained manageable, although monitoring for pneumonitis is warranted. These findings support continued real-world evaluation in broader and underrepresented patient populations. Research Sponsor: None.",parsed,
synT003.xml,article,synT003,10.1200/JCO.2026.44.16_suppl.synT003,Real-world effectiveness of cetuximab plus irinotecan in RAS wild-type metastatic colorectal cancer.,"synT003 The effectiveness of cetuximab plus irinotecan outside clinical trials remains incompletely characterized for RAS wild-type metastatic colorectal cancer. We evaluated treatment patterns, clinical outcomes, and safety in a multi-institutional real-world cohort We retrospectively identified consecutive adults with RAS wild-type metastatic colorectal cancer who initiated cetuximab plus irinotecan between 2019 and 2024 across six oncology centers. Demographic, clinicopathologic, treatment, and outcome data were abstracted from electronic records using a common data model. The primary endpoint was real-world progression-free survival (rwPFS); secondary endpoints included objective response rate (ORR), overall survival (OS), treatment duration, and grade 3 or higher adverse events. Time-to-event outcomes were estimated using Kaplan–Meier methods The analysis included 224 patients with a median age of 59 years; 46% were female and the median number of prior systemic treatment lines was three. After a median follow-up of 16.7 months, ORR was 32.6%, median rwPFS was 6.4 months, and median OS was 15.9 months. Grade 3 or higher treatment-related adverse events occurred in 29.9% of patients. Acneiform rash was documented in 14.7%. In exploratory subgroup analysis, patients with left-sided primary tumors had a median rwPFS of 7.5 months In routine practice, cetuximab plus irinotecan demonstrated clinically meaningful activity in RAS wild-type metastatic colorectal cancer, with outcomes generally consistent with its established treatment role. Toxicity remained manageable, although monitoring for acneiform rash is warranted. These findings support continued real-world evaluation in broader and underrepresented patient populations. Research Sponsor: Institutional research fund.",283-217 | 261-492 | 3282-206 | 4 | 3 | 2,Camila Torres | Leila Farouk | Grace Morgan,"Westlake Comprehensive Cancer Center, Seattle, WA | Harborview Institute of Oncology, San Diego, CA | Midland Academic Medical Center, Columbus, OH",Journal of Clinical Oncology,Gastrointestinal Cancer—Colorectal,2026,"Real-world effectiveness of cetuximab plus irinotecan in RAS wild-type metastatic colorectal cancer. synT003 The effectiveness of cetuximab plus irinotecan outside clinical trials remains incompletely characterized for RAS wild-type metastatic colorectal cancer. We evaluated treatment patterns, clinical outcomes, and safety in a multi-institutional real-world cohort We retrospectively identified consecutive adults with RAS wild-type metastatic colorectal cancer who initiated cetuximab plus irinotecan between 2019 and 2024 across six oncology centers. Demographic, clinicopathologic, treatment, and outcome data were abstracted from electronic records using a common data model. The primary endpoint was real-world progression-free survival (rwPFS); secondary endpoints included objective response rate (ORR), overall survival (OS), treatment duration, and grade 3 or higher adverse events. Time-to-event outcomes were estimated using Kaplan–Meier methods The analysis included 224 patients with a median age of 59 years; 46% were female and the median number of prior systemic treatment lines was three. After a median follow-up of 16.7 months, ORR was 32.6%, median rwPFS was 6.4 months, and median OS was 15.9 months. Grade 3 or higher treatment-related adverse events occurred in 29.9% of patients. Acneiform rash was documented in 14.7%. In exploratory subgroup analysis, patients with left-sided primary tumors had a median rwPFS of 7.5 months In routine practice, cetuximab plus irinotecan demonstrated clinically meaningful activity in RAS wild-type metastatic colorectal cancer, with outcomes generally consistent with its established treatment role. Toxicity remained manageable, although monitoring for acneiform rash is warranted. These findings support continued real-world evaluation in broader and underrepresented patient populations. Research Sponsor: Institutional research fund.",parsed,
synT004.xml,article,synT004,10.1200/JCO.2026.44.16_suppl.synT004,Real-world effectiveness of lutetium-177 PSMA therapy in metastatic castration-resistant prostate cancer.,"synT004 The effectiveness of lutetium-177 PSMA therapy outside clinical trials remains incompletely characterized for metastatic castration-resistant prostate cancer. We evaluated treatment patterns, clinical outcomes, and safety in a multi-institutional real-world cohort We retrospectively identified consecutive adults with metastatic castration-resistant prostate cancer who initiated lutetium-177 PSMA therapy between 2022 and 2025 across six oncology centers. Demographic, clinicopathologic, treatment, and outcome data were abstracted from electronic records using a common data model. The primary endpoint was real-world progression-free survival (rwPFS); secondary endpoints included objective response rate (ORR), overall survival (OS), treatment duration, and grade 3 or higher adverse events. Time-to-event outcomes were estimated using Kaplan–Meier methods The analysis included 198 patients with a median age of 72 years; 0% were female and the median number of prior systemic treatment lines was four. After a median follow-up of 14.3 months, ORR was 28.4%, median rwPFS was 7.9 months, and median OS was 17.6 months. Grade 3 or higher treatment-related adverse events occurred in 21.2% of patients. Thrombocytopenia was documented in 8.1%. In exploratory subgroup analysis, patients with high baseline PSMA uptake had a median rwPFS of 9.6 months In routine practice, lutetium-177 PSMA therapy demonstrated clinically meaningful activity in metastatic castration-resistant prostate cancer, with outcomes generally consistent with its established treatment role. Toxicity remained manageable, although monitoring for thrombocytopenia is warranted. These findings support continued real-world evaluation in broader and underrepresented patient populations. Research Sponsor: None.",283-217 | 261-492 | 3282-206 | 4 | 3 | 2,Mateo Silva | Camila Torres | Noah Bennett,"Harborview Institute of Oncology, San Diego, CA | Midland Academic Medical Center, Columbus, OH | Eastgate Cancer Research Network, New York, NY",Journal of Clinical Oncology,Genitourinary Cancer—Prostate,2026,"Real-world effectiveness of lutetium-177 PSMA therapy in metastatic castration-resistant prostate cancer. synT004 The effectiveness of lutetium-177 PSMA therapy outside clinical trials remains incompletely characterized for metastatic castration-resistant prostate cancer. We evaluated treatment patterns, clinical outcomes, and safety in a multi-institutional real-world cohort We retrospectively identified consecutive adults with metastatic castration-resistant prostate cancer who initiated lutetium-177 PSMA therapy between 2022 and 2025 across six oncology centers. Demographic, clinicopathologic, treatment, and outcome data were abstracted from electronic records using a common data model. The primary endpoint was real-world progression-free survival (rwPFS); secondary endpoints included objective response rate (ORR), overall survival (OS), treatment duration, and grade 3 or higher adverse events. Time-to-event outcomes were estimated using Kaplan–Meier methods The analysis included 198 patients with a median age of 72 years; 0% were female and the median number of prior systemic treatment lines was four. After a median follow-up of 14.3 months, ORR was 28.4%, median rwPFS was 7.9 months, and median OS was 17.6 months. Grade 3 or higher treatment-related adverse events occurred in 21.2% of patients. Thrombocytopenia was documented in 8.1%. In exploratory subgroup analysis, patients with high baseline PSMA uptake had a median rwPFS of 9.6 months In routine practice, lutetium-177 PSMA therapy demonstrated clinically meaningful activity in metastatic castration-resistant prostate cancer, with outcomes generally consistent with its established treatment role. Toxicity remained manageable, although monitoring for thrombocytopenia is warranted. These findings support continued real-world evaluation in broader and underrepresented patient populations. Research Sponsor: None.",parsed,
synT005.xml,article,synT005,10.1200/JCO.2026.44.16_suppl.synT005,Inpatient outcomes associated with heart failure among adults hospitalized with breast cancer.,"synT005 Patients hospitalized with breast cancer frequently have complex medical comorbidities, but the clinical impact of concurrent heart failure is not well defined. We examined inpatient outcomes and resource utilization associated with this complication We analyzed the National Inpatient Sample for 2017–2022. Adult hospitalizations with a diagnosis of breast cancer were identified using ICD-10-CM codes and stratified by the presence or absence of heart failure. Weighted national estimates were generated. Multivariable logistic and linear regression models adjusted for age, sex, race, payer, hospital characteristics, metastatic disease, and comorbidity burden Among an estimated 184,230 hospitalizations for breast cancer, 16,844 included heart failure. Patients with the complication had a median age of 69 years, and 97.8% were female. Mean length of stay was 6.1 versus 4.0 days, and mean hospital charges were $78,210 versus $55,240. After adjustment, heart failure was associated with higher odds of cardiogenic shock (adjusted odds ratio [aOR] 12.8), acute respiratory failure (aOR 3.1), and in-hospital mortality (aOR 2.4) Concurrent heart failure identifies a clinically vulnerable subgroup of hospitalized patients with breast cancer and is associated with greater morbidity, mortality, and resource use. Early recognition and coordinated oncologic and medical management may improve inpatient care. Research Sponsor: None.",283-217 | 261-492 | 3282-206 | 4 | 3 | 2,Sofia Alvarez | Ravi Iyer | Noah Bennett,"Midland Academic Medical Center, Columbus, OH | Eastgate Cancer Research Network, New York, NY | Southern Clinical Oncology Center, Atlanta, GA",Journal of Clinical Oncology,Breast Cancer,2026,"Inpatient outcomes associated with heart failure among adults hospitalized with breast cancer. synT005 Patients hospitalized with breast cancer frequently have complex medical comorbidities, but the clinical impact of concurrent heart failure is not well defined. We examined inpatient outcomes and resource utilization associated with this complication We analyzed the National Inpatient Sample for 2017–2022. Adult hospitalizations with a diagnosis of breast cancer were identified using ICD-10-CM codes and stratified by the presence or absence of heart failure. Weighted national estimates were generated. Multivariable logistic and linear regression models adjusted for age, sex, race, payer, hospital characteristics, metastatic disease, and comorbidity burden Among an estimated 184,230 hospitalizations for breast cancer, 16,844 included heart failure. Patients with the complication had a median age of 69 years, and 97.8% were female. Mean length of stay was 6.1 versus 4.0 days, and mean hospital charges were $78,210 versus $55,240. After adjustment, heart failure was associated with higher odds of cardiogenic shock (adjusted odds ratio [aOR] 12.8), acute respiratory failure (aOR 3.1), and in-hospital mortality (aOR 2.4) Concurrent heart failure identifies a clinically vulnerable subgroup of hospitalized patients with breast cancer and is associated with greater morbidity, mortality, and resource use. Early recognition and coordinated oncologic and medical management may improve inpatient care. Research Sponsor: None.",parsed,
synT006.xml,article,synT006,10.1200/JCO.2026.44.16_suppl.synT006,Inpatient outcomes associated with atrial fibrillation among adults hospitalized with lung cancer.,"synT006 Patients hospitalized with lung cancer frequently have complex medical comorbidities, but the clinical impact of concurrent atrial fibrillation is not well defined. We examined inpatient outcomes and resource utilization associated with this complication We analyzed the National Inpatient Sample for 2018–2022. Adult hospitalizations with a diagnosis of lung cancer were identified using ICD-10-CM codes and stratified by the presence or absence of atrial fibrillation. Weighted national estimates were generated. Multivariable logistic and linear regression models adjusted for age, sex, race, payer, hospital characteristics, metastatic disease, and comorbidity burden Among an estimated 236,415 hospitalizations for lung cancer, 29,172 included atrial fibrillation. Patients with the complication had a median age of 71 years, and 48.6% were female. Mean length of stay was 7.0 versus 5.2 days, and mean hospital charges were $90,340 versus $68,110. After adjustment, atrial fibrillation was associated with higher odds of ischemic stroke (adjusted odds ratio [aOR] 2.6), acute respiratory failure (aOR 1.8), and in-hospital mortality (aOR 1.5) Concurrent atrial fibrillation identifies a clinically vulnerable subgroup of hospitalized patients with lung cancer and is associated with greater morbidity, mortality, and resource use. Early recognition and coordinated oncologic and medical management may improve inpatient care. Research Sponsor: None.",283-217 | 261-492 | 3282-206 | 4 | 3 | 2,Priya Nair | Yuki Tanaka | David Kim,"Eastgate Cancer Research Network, New York, NY | Southern Clinical Oncology Center, Atlanta, GA | Pacific Precision Medicine Institute, San Francisco, CA",Journal of Clinical Oncology,Lung Cancer,2026,"Inpatient outcomes associated with atrial fibrillation among adults hospitalized with lung cancer. synT006 Patients hospitalized with lung cancer frequently have complex medical comorbidities, but the clinical impact of concurrent atrial fibrillation is not well defined. We examined inpatient outcomes and resource utilization associated with this complication We analyzed the National Inpatient Sample for 2018–2022. Adult hospitalizations with a diagnosis of lung cancer were identified using ICD-10-CM codes and stratified by the presence or absence of atrial fibrillation. Weighted national estimates were generated. Multivariable logistic and linear regression models adjusted for age, sex, race, payer, hospital characteristics, metastatic disease, and comorbidity burden Among an estimated 236,415 hospitalizations for lung cancer, 29,172 included atrial fibrillation. Patients with the complication had a median age of 71 years, and 48.6% were female. Mean length of stay was 7.0 versus 5.2 days, and mean hospital charges were $90,340 versus $68,110. After adjustment, atrial fibrillation was associated with higher odds of ischemic stroke (adjusted odds ratio [aOR] 2.6), acute respiratory failure (aOR 1.8), and in-hospital mortality (aOR 1.5) Concurrent atrial fibrillation identifies a clinically vulnerable subgroup of hospitalized patients with lung cancer and is associated with greater morbidity, mortality, and resource use. Early recognition and coordinated oncologic and medical management may improve inpatient care. Research Sponsor: None.",parsed,
synT007.xml,article,synT007,10.1200/JCO.2026.44.16_suppl.synT007,Inpatient outcomes associated with acute kidney injury among adults hospitalized with colorectal cancer.,"synT007 Patients hospitalized with colorectal cancer frequently have complex medical comorbidities, but the clinical impact of concurrent acute kidney injury is not well defined. We examined inpatient outcomes and resource utilization associated with this complication We analyzed the National Inpatient Sample for 2016–2021. Adult hospitalizations with a diagnosis of colorectal cancer were identified using ICD-10-CM codes and stratified by the presence or absence of acute kidney injury. Weighted national estimates were generated. Multivariable logistic and linear regression models adjusted for age, sex, race, payer, hospital characteristics, metastatic disease, and comorbidity burden Among an estimated 142,608 hospitalizations for colorectal cancer, 21,570 included acute kidney injury. Patients with the complication had a median age of 66 years, and 49.3% were female. Mean length of stay was 8.4 versus 4.7 days, and mean hospital charges were $101,520 versus $61,180. After adjustment, acute kidney injury was associated with higher odds of need for mechanical ventilation (adjusted odds ratio [aOR] 3.7), sepsis (aOR 2.9), and in-hospital mortality (aOR 3.2) Concurrent acute kidney injury identifies a clinically vulnerable subgroup of hospitalized patients with colorectal cancer and is associated with greater morbidity, mortality, and resource use. Early recognition and coordinated oncologic and medical management may improve inpatient care. Research Sponsor: None.",283-217 | 261-492 | 3282-206 | 4 | 3 | 2,Jonas Muller | Sara Khan | Nina Petrov,"Southern Clinical Oncology Center, Atlanta, GA | Pacific Precision Medicine Institute, San Francisco, CA | Great Lakes Cancer Consortium, Detroit, MI",Journal of Clinical Oncology,Gastrointestinal Cancer—Colorectal,2026,"Inpatient outcomes associated with acute kidney injury among adults hospitalized with colorectal cancer. synT007 Patients hospitalized with colorectal cancer frequently have complex medical comorbidities, but the clinical impact of concurrent acute kidney injury is not well defined. We examined inpatient outcomes and resource utilization associated with this complication We analyzed the National Inpatient Sample for 2016–2021. Adult hospitalizations with a diagnosis of colorectal cancer were identified using ICD-10-CM codes and stratified by the presence or absence of acute kidney injury. Weighted national estimates were generated. Multivariable logistic and linear regression models adjusted for age, sex, race, payer, hospital characteristics, metastatic disease, and comorbidity burden Among an estimated 142,608 hospitalizations for colorectal cancer, 21,570 included acute kidney injury. Patients with the complication had a median age of 66 years, and 49.3% were female. Mean length of stay was 8.4 versus 4.7 days, and mean hospital charges were $101,520 versus $61,180. After adjustment, acute kidney injury was associated with higher odds of need for mechanical ventilation (adjusted odds ratio [aOR] 3.7), sepsis (aOR 2.9), and in-hospital mortality (aOR 3.2) Concurrent acute kidney injury identifies a clinically vulnerable subgroup of hospitalized patients with colorectal cancer and is associated with greater morbidity, mortality, and resource use. Early recognition and coordinated oncologic and medical management may improve inpatient care. Research Sponsor: None.",parsed,
synT008.xml,article,synT008,10.1200/JCO.2026.44.16_suppl.synT008,Inpatient outcomes associated with venous thromboembolism among adults hospitalized with lymphoma.,"synT008 Patients hospitalized with lymphoma frequently have complex medical comorbidities, but the clinical impact of concurrent venous thromboembolism is not well defined. We examined inpatient outcomes and resource utilization associated with this complication We analyzed the National Inpatient Sample for 2017–2022. Adult hospitalizations with a diagnosis of lymphoma were identified using ICD-10-CM codes and stratified by the presence or absence of venous thromboembolism. Weighted national estimates were generated. Multivariable logistic and linear regression models adjusted for age, sex, race, payer, hospital characteristics, metastatic disease, and comorbidity burden Among an estimated 119,782 hospitalizations for lymphoma, 9,846 included venous thromboembolism. Patients with the complication had a median age of 63 years, and 45.1% were female. Mean length of stay was 7.6 versus 5.1 days, and mean hospital charges were $96,300 versus $70,420. After adjustment, venous thromboembolism was associated with higher odds of intensive care admission (adjusted odds ratio [aOR] 2.1), acute respiratory failure (aOR 2.4), and in-hospital mortality (aOR 1.9) Concurrent venous thromboembolism identifies a clinically vulnerable subgroup of hospitalized patients with lymphoma and is associated with greater morbidity, mortality, and resource use. Early recognition and coordinated oncologic and medical management may improve inpatient care. Research Sponsor: None.",283-217 | 261-492 | 3282-206 | 4 | 3 | 2,Mei Zhang | Sara Khan | Grace Morgan,"Pacific Precision Medicine Institute, San Francisco, CA | Great Lakes Cancer Consortium, Detroit, MI | Northbridge Cancer Institute, Boston, MA",Journal of Clinical Oncology,Hematologic Malignancies—Lymphoma,2026,"Inpatient outcomes associated with venous thromboembolism among adults hospitalized with lymphoma. synT008 Patients hospitalized with lymphoma frequently have complex medical comorbidities, but the clinical impact of concurrent venous thromboembolism is not well defined. We examined inpatient outcomes and resource utilization associated with this complication We analyzed the National Inpatient Sample for 2017–2022. Adult hospitalizations with a diagnosis of lymphoma were identified using ICD-10-CM codes and stratified by the presence or absence of venous thromboembolism. Weighted national estimates were generated. Multivariable logistic and linear regression models adjusted for age, sex, race, payer, hospital characteristics, metastatic disease, and comorbidity burden Among an estimated 119,782 hospitalizations for lymphoma, 9,846 included venous thromboembolism. Patients with the complication had a median age of 63 years, and 45.1% were female. Mean length of stay was 7.6 versus 5.1 days, and mean hospital charges were $96,300 versus $70,420. After adjustment, venous thromboembolism was associated with higher odds of intensive care admission (adjusted odds ratio [aOR] 2.1), acute respiratory failure (aOR 2.4), and in-hospital mortality (aOR 1.9) Concurrent venous thromboembolism identifies a clinically vulnerable subgroup of hospitalized patients with lymphoma and is associated with greater morbidity, mortality, and resource use. Early recognition and coordinated oncologic and medical management may improve inpatient care. Research Sponsor: None.",parsed,
synT009.xml,article,synT009,10.1200/JCO.2026.44.16_suppl.synT009,Analytical validation of a multiplex digital PCR assay for ESR1 mutations in advanced breast cancer.,"synT009 Detection of ESR1 mutations is clinically relevant in advanced breast cancer, but routine testing can be limited by turnaround time, tissue availability, and workflow complexity. We developed and analytically validated a multiplex digital PCR assay for rapid molecular testing The assay was designed to detect 12 clinically relevant ESR1 hotspot variants using plasma and formalin-fixed paraffin-embedded tissue. Analytical sensitivity, specificity, precision, reproducibility, reportable range, and limit of detection were evaluated with reference materials, contrived specimens, and residual clinical samples. Testing used a minimum input of 8 ng. Orthogonal concordance was assessed against next-generation sequencing The assay achieved a limit of detection of 0.20% variant allele frequency. Overall analytical sensitivity was 98.5% and analytical specificity was 99.4%. Across 12 independent runs, the median coefficient of variation was 6.2%. Results were reproducible across operators, reagent lots, and instruments. Agreement with next-generation sequencing was 97.8%, with discordant samples concentrated near the analytical detection limit This multiplex digital PCR assay provides sensitive, specific, and reproducible detection of ESR1 mutations in advanced breast cancer. The workflow may offer a practical alternative or complement to existing molecular methods when rapid results or limited specimen input are important. Prospective clinical validation is ongoing. Research Sponsor: Precision Diagnostics Research Grant.",283-217 | 261-492 | 3282-206 | 4 | 3 | 2,Sofia Alvarez | Camila Torres | Ethan Williams,"Great Lakes Cancer Consortium, Detroit, MI | Northbridge Cancer Institute, Boston, MA | Riverside University Medical Center, Chicago, IL",Journal of Clinical Oncology,Breast Cancer,2026,"Analytical validation of a multiplex digital PCR assay for ESR1 mutations in advanced breast cancer. synT009 Detection of ESR1 mutations is clinically relevant in advanced breast cancer, but routine testing can be limited by turnaround time, tissue availability, and workflow complexity. We developed and analytically validated a multiplex digital PCR assay for rapid molecular testing The assay was designed to detect 12 clinically relevant ESR1 hotspot variants using plasma and formalin-fixed paraffin-embedded tissue. Analytical sensitivity, specificity, precision, reproducibility, reportable range, and limit of detection were evaluated with reference materials, contrived specimens, and residual clinical samples. Testing used a minimum input of 8 ng. Orthogonal concordance was assessed against next-generation sequencing The assay achieved a limit of detection of 0.20% variant allele frequency. Overall analytical sensitivity was 98.5% and analytical specificity was 99.4%. Across 12 independent runs, the median coefficient of variation was 6.2%. Results were reproducible across operators, reagent lots, and instruments. Agreement with next-generation sequencing was 97.8%, with discordant samples concentrated near the analytical detection limit This multiplex digital PCR assay provides sensitive, specific, and reproducible detection of ESR1 mutations in advanced breast cancer. The workflow may offer a practical alternative or complement to existing molecular methods when rapid results or limited specimen input are important. Prospective clinical validation is ongoing. Research Sponsor: Precision Diagnostics Research Grant.",parsed,
synT010.xml,article,synT010,10.1200/JCO.2026.44.16_suppl.synT010,Analytical validation of a targeted ctDNA assay for EGFR resistance mutations in non-small cell lung cancer.,"synT010 Detection of EGFR resistance mutations is clinically relevant in non-small cell lung cancer, but routine testing can be limited by turnaround time, tissue availability, and workflow complexity. We developed and analytically validated a targeted circulating tumor DNA sequencing assay for rapid molecular testing The assay was designed to detect 18 activating and resistance-associated EGFR variants using plasma. Analytical sensitivity, specificity, precision, reproducibility, reportable range, and limit of detection were evaluated with reference materials, contrived specimens, and residual clinical samples. Testing used a minimum input of 10 ng. Orthogonal concordance was assessed against droplet digital PCR The assay achieved a limit of detection of 0.25% variant allele frequency. Overall analytical sensitivity was 97.1% and analytical specificity was 99.1%. Across 10 independent runs, the median coefficient of variation was 7.4%. Results were reproducible across operators, reagent lots, and instruments. Agreement with droplet digital PCR was 96.9%, with discordant samples concentrated near the analytical detection limit This targeted circulating tumor DNA sequencing assay provides sensitive, specific, and reproducible detection of EGFR resistance mutations in non-small cell lung cancer. The workflow may offer a practical alternative or complement to existing molecular methods when rapid results or limited specimen input are important. Prospective clinical validation is ongoing. Research Sponsor: None.",283-217 | 261-492 | 3282-206 | 4 | 3 | 2,Oliver Chen | Yuki Tanaka | David Kim,"Northbridge Cancer Institute, Boston, MA | Riverside University Medical Center, Chicago, IL | Central Oncology Research Hospital, Houston, TX",Journal of Clinical Oncology,Lung Cancer,2026,"Analytical validation of a targeted ctDNA assay for EGFR resistance mutations in non-small cell lung cancer. synT010 Detection of EGFR resistance mutations is clinically relevant in non-small cell lung cancer, but routine testing can be limited by turnaround time, tissue availability, and workflow complexity. We developed and analytically validated a targeted circulating tumor DNA sequencing assay for rapid molecular testing The assay was designed to detect 18 activating and resistance-associated EGFR variants using plasma. Analytical sensitivity, specificity, precision, reproducibility, reportable range, and limit of detection were evaluated with reference materials, contrived specimens, and residual clinical samples. Testing used a minimum input of 10 ng. Orthogonal concordance was assessed against droplet digital PCR The assay achieved a limit of detection of 0.25% variant allele frequency. Overall analytical sensitivity was 97.1% and analytical specificity was 99.1%. Across 10 independent runs, the median coefficient of variation was 7.4%. Results were reproducible across operators, reagent lots, and instruments. Agreement with droplet digital PCR was 96.9%, with discordant samples concentrated near the analytical detection limit This targeted circulating tumor DNA sequencing assay provides sensitive, specific, and reproducible detection of EGFR resistance mutations in non-small cell lung cancer. The workflow may offer a practical alternative or complement to existing molecular methods when rapid results or limited specimen input are important. Prospective clinical validation is ongoing. Research Sponsor: None.",parsed,
synT011.xml,article,synT011,10.1200/JCO.2026.44.16_suppl.synT011,Analytical validation of a methylation-specific PCR assay for SEPT9 in colorectal cancer.,"synT011 Detection of SEPT9 promoter methylation is clinically relevant in colorectal cancer, but routine testing can be limited by turnaround time, tissue availability, and workflow complexity. We developed and analytically validated a methylation-specific PCR assay for rapid molecular testing The assay was designed to detect three methylated SEPT9 regions using plasma-derived cell-free DNA. Analytical sensitivity, specificity, precision, reproducibility, reportable range, and limit of detection were evaluated with reference materials, contrived specimens, and residual clinical samples. Testing used a minimum input of 12 ng. Orthogonal concordance was assessed against bisulfite sequencing The assay achieved a limit of detection of 0.35% methylated allele fraction. Overall analytical sensitivity was 95.8% and analytical specificity was 98.7%. Across 11 independent runs, the median coefficient of variation was 8.1%. Results were reproducible across operators, reagent lots, and instruments. Agreement with bisulfite sequencing was 95.2%, with discordant samples concentrated near the analytical detection limit This methylation-specific PCR assay provides sensitive, specific, and reproducible detection of SEPT9 promoter methylation in colorectal cancer. The workflow may offer a practical alternative or complement to existing molecular methods when rapid results or limited specimen input are important. Prospective clinical validation is ongoing. Research Sponsor: Institutional innovation award.",283-217 | 261-492 | 3282-206 | 4 | 3 | 2,Arjun Mehta | Oliver Chen | Hannah Lee,"Riverside University Medical Center, Chicago, IL | Central Oncology Research Hospital, Houston, TX | Westlake Comprehensive Cancer Center, Seattle, WA",Journal of Clinical Oncology,Gastrointestinal Cancer—Colorectal,2026,"Analytical validation of a methylation-specific PCR assay for SEPT9 in colorectal cancer. synT011 Detection of SEPT9 promoter methylation is clinically relevant in colorectal cancer, but routine testing can be limited by turnaround time, tissue availability, and workflow complexity. We developed and analytically validated a methylation-specific PCR assay for rapid molecular testing The assay was designed to detect three methylated SEPT9 regions using plasma-derived cell-free DNA. Analytical sensitivity, specificity, precision, reproducibility, reportable range, and limit of detection were evaluated with reference materials, contrived specimens, and residual clinical samples. Testing used a minimum input of 12 ng. Orthogonal concordance was assessed against bisulfite sequencing The assay achieved a limit of detection of 0.35% methylated allele fraction. Overall analytical sensitivity was 95.8% and analytical specificity was 98.7%. Across 11 independent runs, the median coefficient of variation was 8.1%. Results were reproducible across operators, reagent lots, and instruments. Agreement with bisulfite sequencing was 95.2%, with discordant samples concentrated near the analytical detection limit This methylation-specific PCR assay provides sensitive, specific, and reproducible detection of SEPT9 promoter methylation in colorectal cancer. The workflow may offer a practical alternative or complement to existing molecular methods when rapid results or limited specimen input are important. Prospective clinical validation is ongoing. Research Sponsor: Institutional innovation award.",parsed,
synT012.xml,article,synT012,10.1200/JCO.2026.44.16_suppl.synT012,Analytical validation of a hybrid-capture panel for BRCA1/2 and homologous recombination deficiency in ovarian cancer.,"synT012 Detection of BRCA1/2 alterations and homologous recombination deficiency is clinically relevant in high-grade serous ovarian cancer, but routine testing can be limited by turnaround time, tissue availability, and workflow complexity. We developed and analytically validated a hybrid-capture next-generation sequencing assay for rapid molecular testing The assay was designed to detect BRCA1/2 coding regions and 24 homologous recombination genes using formalin-fixed paraffin-embedded tissue. Analytical sensitivity, specificity, precision, reproducibility, reportable range, and limit of detection were evaluated with reference materials, contrived specimens, and residual clinical samples. Testing used a minimum input of 40 ng. Orthogonal concordance was assessed against orthogonal sequencing and genomic scar testing The assay achieved a limit of detection of 2.0% variant allele frequency. Overall analytical sensitivity was 96.4% and analytical specificity was 99.0%. Across 9 independent runs, the median coefficient of variation was 5.9%. Results were reproducible across operators, reagent lots, and instruments. Agreement with orthogonal sequencing and genomic scar testing was 96.1%, with discordant samples concentrated near the analytical detection limit This hybrid-capture next-generation sequencing assay provides sensitive, specific, and reproducible detection of BRCA1/2 alterations and homologous recombination deficiency in high-grade serous ovarian cancer. The workflow may offer a practical alternative or complement to existing molecular methods when rapid results or limited specimen input are important. Prospective clinical validation is ongoing. Research Sponsor: Women’s Cancer Research Foundation.",283-217 | 261-492 | 3282-206 | 4 | 3 | 2,Noah Bennett | Lucas Martins | Sofia Alvarez,"Central Oncology Research Hospital, Houston, TX | Westlake Comprehensive Cancer Center, Seattle, WA | Harborview Institute of Oncology, San Diego, CA",Journal of Clinical Oncology,Gynecologic Cancer—Ovarian,2026,"Analytical validation of a hybrid-capture panel for BRCA1/2 and homologous recombination deficiency in ovarian cancer. synT012 Detection of BRCA1/2 alterations and homologous recombination deficiency is clinically relevant in high-grade serous ovarian cancer, but routine testing can be limited by turnaround time, tissue availability, and workflow complexity. We developed and analytically validated a hybrid-capture next-generation sequencing assay for rapid molecular testing The assay was designed to detect BRCA1/2 coding regions and 24 homologous recombination genes using formalin-fixed paraffin-embedded tissue. Analytical sensitivity, specificity, precision, reproducibility, reportable range, and limit of detection were evaluated with reference materials, contrived specimens, and residual clinical samples. Testing used a minimum input of 40 ng. Orthogonal concordance was assessed against orthogonal sequencing and genomic scar testing The assay achieved a limit of detection of 2.0% variant allele frequency. Overall analytical sensitivity was 96.4% and analytical specificity was 99.0%. Across 9 independent runs, the median coefficient of variation was 5.9%. Results were reproducible across operators, reagent lots, and instruments. Agreement with orthogonal sequencing and genomic scar testing was 96.1%, with discordant samples concentrated near the analytical detection limit This hybrid-capture next-generation sequencing assay provides sensitive, specific, and reproducible detection of BRCA1/2 alterations and homologous recombination deficiency in high-grade serous ovarian cancer. The workflow may offer a practical alternative or complement to existing molecular methods when rapid results or limited specimen input are important. Prospective clinical validation is ongoing. Research Sponsor: Women’s Cancer Research Foundation.",parsed,
synT013.xml,article,synT013,10.1200/JCO.2026.44.16_suppl.synT013,Paired-biopsy analysis of TROP2 expression before and after sacituzumab govitecan in metastatic breast cancer.,"synT013 Acquired resistance to sacituzumab govitecan in metastatic breast cancer may involve dynamic changes in therapeutic targets and associated signaling pathways. We evaluated longitudinal changes in TROP2 using paired tumor samples collected before treatment and at disease progression Institutional databases were queried to identify patients with metastatic breast cancer who received sacituzumab govitecan and had paired pretreatment and post-progression biopsies. Samples were assessed by quantitative immunofluorescence and targeted proteomics. Marker abundance was compared within patients, and associations with clinical outcomes were explored using nonparametric tests Paired samples from 32 patients passed quality control. Median progression-free survival on therapy was 5.8 months. Baseline TROP2 expression was 2,140 normalized units, with a median on-treatment change of −24%. Substantial loss of TROP2 was observed in 12 patients, whereas the remaining samples showed stable or increased expression. Top1 changed by −18% across paired samples (p=0.08). The aggregate pattern was consistent with heterogeneous target modulation rather than uniform antigen loss Longitudinal changes in TROP2 after sacituzumab govitecan were heterogeneous in metastatic breast cancer. Resistance was not explained by a single uniform biomarker shift, supporting multi-analyte assessment of paired samples and further mechanistic study. Research Sponsor: Translational Oncology Fund.",283-217 | 261-492 | 3282-206 | 4 | 3 | 2,Maya Thompson | Isabella Walker | David Kim,"Westlake Comprehensive Cancer Center, Seattle, WA | Harborview Institute of Oncology, San Diego, CA | Midland Academic Medical Center, Columbus, OH",Journal of Clinical Oncology,Breast Cancer—Metastatic,2026,"Paired-biopsy analysis of TROP2 expression before and after sacituzumab govitecan in metastatic breast cancer. synT013 Acquired resistance to sacituzumab govitecan in metastatic breast cancer may involve dynamic changes in therapeutic targets and associated signaling pathways. We evaluated longitudinal changes in TROP2 using paired tumor samples collected before treatment and at disease progression Institutional databases were queried to identify patients with metastatic breast cancer who received sacituzumab govitecan and had paired pretreatment and post-progression biopsies. Samples were assessed by quantitative immunofluorescence and targeted proteomics. Marker abundance was compared within patients, and associations with clinical outcomes were explored using nonparametric tests Paired samples from 32 patients passed quality control. Median progression-free survival on therapy was 5.8 months. Baseline TROP2 expression was 2,140 normalized units, with a median on-treatment change of −24%. Substantial loss of TROP2 was observed in 12 patients, whereas the remaining samples showed stable or increased expression. Top1 changed by −18% across paired samples (p=0.08). The aggregate pattern was consistent with heterogeneous target modulation rather than uniform antigen loss Longitudinal changes in TROP2 after sacituzumab govitecan were heterogeneous in metastatic breast cancer. Resistance was not explained by a single uniform biomarker shift, supporting multi-analyte assessment of paired samples and further mechanistic study. Research Sponsor: Translational Oncology Fund.",parsed,
synT014.xml,article,synT014,10.1200/JCO.2026.44.16_suppl.synT014,Paired-biopsy analysis of PD-L1 expression before and after anti-PD-1 therapy in metastatic melanoma.,"synT014 Acquired resistance to anti-PD-1 therapy in metastatic melanoma may involve dynamic changes in therapeutic targets and associated signaling pathways. We evaluated longitudinal changes in PD-L1 using paired tumor samples collected before treatment and at disease progression Institutional databases were queried to identify patients with metastatic melanoma who received anti-PD-1 therapy and had paired pretreatment and post-progression biopsies. Samples were assessed by multiplex immunofluorescence and RNA expression profiling. Marker abundance was compared within patients, and associations with clinical outcomes were explored using nonparametric tests Paired samples from 29 patients passed quality control. Median progression-free survival on therapy was 7.1 months. Baseline PD-L1 expression was 18% positive tumor cells, with a median on-treatment change of +11 percentage points. Substantial loss of PD-L1 was observed in 8 patients, whereas the remaining samples showed stable or increased expression. Ifng signature changed by +22% across paired samples (p=0.04). The aggregate pattern was consistent with divergent immune adaptation across responding and resistant lesions Longitudinal changes in PD-L1 after anti-PD-1 therapy were heterogeneous in metastatic melanoma. Resistance was not explained by a single uniform biomarker shift, supporting multi-analyte assessment of paired samples and further mechanistic study. Research Sponsor: None.",283-217 | 261-492 | 3282-206 | 4 | 3 | 2,Arjun Mehta | Camila Torres | Maya Thompson,"Harborview Institute of Oncology, San Diego, CA | Midland Academic Medical Center, Columbus, OH | Eastgate Cancer Research Network, New York, NY",Journal of Clinical Oncology,Melanoma/Skin Cancers,2026,"Paired-biopsy analysis of PD-L1 expression before and after anti-PD-1 therapy in metastatic melanoma. synT014 Acquired resistance to anti-PD-1 therapy in metastatic melanoma may involve dynamic changes in therapeutic targets and associated signaling pathways. We evaluated longitudinal changes in PD-L1 using paired tumor samples collected before treatment and at disease progression Institutional databases were queried to identify patients with metastatic melanoma who received anti-PD-1 therapy and had paired pretreatment and post-progression biopsies. Samples were assessed by multiplex immunofluorescence and RNA expression profiling. Marker abundance was compared within patients, and associations with clinical outcomes were explored using nonparametric tests Paired samples from 29 patients passed quality control. Median progression-free survival on therapy was 7.1 months. Baseline PD-L1 expression was 18% positive tumor cells, with a median on-treatment change of +11 percentage points. Substantial loss of PD-L1 was observed in 8 patients, whereas the remaining samples showed stable or increased expression. Ifng signature changed by +22% across paired samples (p=0.04). The aggregate pattern was consistent with divergent immune adaptation across responding and resistant lesions Longitudinal changes in PD-L1 after anti-PD-1 therapy were heterogeneous in metastatic melanoma. Resistance was not explained by a single uniform biomarker shift, supporting multi-analyte assessment of paired samples and further mechanistic study. Research Sponsor: None.",parsed,
synT015.xml,article,synT015,10.1200/JCO.2026.44.16_suppl.synT015,Paired-biopsy analysis of MET expression before and after osimertinib in EGFR-mutated lung cancer.,"synT015 Acquired resistance to osimertinib in EGFR-mutated metastatic non-small cell lung cancer may involve dynamic changes in therapeutic targets and associated signaling pathways. We evaluated longitudinal changes in MET using paired tumor samples collected before treatment and at disease progression Institutional databases were queried to identify patients with EGFR-mutated metastatic non-small cell lung cancer who received osimertinib and had paired pretreatment and post-progression biopsies. Samples were assessed by immunohistochemistry and targeted DNA and RNA sequencing. Marker abundance was compared within patients, and associations with clinical outcomes were explored using nonparametric tests Paired samples from 35 patients passed quality control. Median progression-free survival on therapy was 12.9 months. Baseline MET expression was 1.3 copies per cell, with a median on-treatment change of +38%. Substantial loss of MET was observed in 9 patients, whereas the remaining samples showed stable or increased expression. Erbb3 changed by +17% across paired samples (p=0.03). The aggregate pattern was consistent with subclonal pathway activation in a subset of acquired resistance samples Longitudinal changes in MET after osimertinib were heterogeneous in EGFR-mutated metastatic non-small cell lung cancer. Resistance was not explained by a single uniform biomarker shift, supporting multi-analyte assessment of paired samples and further mechanistic study. Research Sponsor: Lung Cancer Research Initiative.",283-217 | 261-492 | 3282-206 | 4 | 3 | 2,Nina Petrov | Arjun Mehta | Elena Rossi,"Midland Academic Medical Center, Columbus, OH | Eastgate Cancer Research Network, New York, NY | Southern Clinical Oncology Center, Atlanta, GA",Journal of Clinical Oncology,Lung Cancer—Non-Small Cell Metastatic,2026,"Paired-biopsy analysis of MET expression before and after osimertinib in EGFR-mutated lung cancer. synT015 Acquired resistance to osimertinib in EGFR-mutated metastatic non-small cell lung cancer may involve dynamic changes in therapeutic targets and associated signaling pathways. We evaluated longitudinal changes in MET using paired tumor samples collected before treatment and at disease progression Institutional databases were queried to identify patients with EGFR-mutated metastatic non-small cell lung cancer who received osimertinib and had paired pretreatment and post-progression biopsies. Samples were assessed by immunohistochemistry and targeted DNA and RNA sequencing. Marker abundance was compared within patients, and associations with clinical outcomes were explored using nonparametric tests Paired samples from 35 patients passed quality control. Median progression-free survival on therapy was 12.9 months. Baseline MET expression was 1.3 copies per cell, with a median on-treatment change of +38%. Substantial loss of MET was observed in 9 patients, whereas the remaining samples showed stable or increased expression. Erbb3 changed by +17% across paired samples (p=0.03). The aggregate pattern was consistent with subclonal pathway activation in a subset of acquired resistance samples Longitudinal changes in MET after osimertinib were heterogeneous in EGFR-mutated metastatic non-small cell lung cancer. Resistance was not explained by a single uniform biomarker shift, supporting multi-analyte assessment of paired samples and further mechanistic study. Research Sponsor: Lung Cancer Research Initiative.",parsed,
synT016.xml,article,synT016,10.1200/JCO.2026.44.16_suppl.synT016,Paired-biopsy analysis of PSMA expression before and after androgen-receptor pathway inhibition in metastatic prostate cancer.,"synT016 Acquired resistance to androgen-receptor pathway inhibition in metastatic castration-resistant prostate cancer may involve dynamic changes in therapeutic targets and associated signaling pathways. We evaluated longitudinal changes in PSMA using paired tumor samples collected before treatment and at disease progression Institutional databases were queried to identify patients with metastatic castration-resistant prostate cancer who received androgen-receptor pathway inhibition and had paired pretreatment and post-progression biopsies. Samples were assessed by quantitative immunohistochemistry and spatial transcriptomics. Marker abundance was compared within patients, and associations with clinical outcomes were explored using nonparametric tests Paired samples from 27 patients passed quality control. Median progression-free survival on therapy was 6.6 months. Baseline PSMA expression was 185 H-score, with a median on-treatment change of −19%. Substantial loss of PSMA was observed in 10 patients, whereas the remaining samples showed stable or increased expression. Neuroendocrine marker expression changed by +31% across paired samples (p=0.06). The aggregate pattern was consistent with phenotypic diversification with partial loss of target expression Longitudinal changes in PSMA after androgen-receptor pathway inhibition were heterogeneous in metastatic castration-resistant prostate cancer. Resistance was not explained by a single uniform biomarker shift, supporting multi-analyte assessment of paired samples and further mechanistic study. Research Sponsor: None.",283-217 | 261-492 | 3282-206 | 4 | 3 | 2,Noah Bennett | Hannah Lee | Arjun Mehta,"Eastgate Cancer Research Network, New York, NY | Southern Clinical Oncology Center, Atlanta, GA | Pacific Precision Medicine Institute, San Francisco, CA",Journal of Clinical Oncology,Genitourinary Cancer—Prostate,2026,"Paired-biopsy analysis of PSMA expression before and after androgen-receptor pathway inhibition in metastatic prostate cancer. synT016 Acquired resistance to androgen-receptor pathway inhibition in metastatic castration-resistant prostate cancer may involve dynamic changes in therapeutic targets and associated signaling pathways. We evaluated longitudinal changes in PSMA using paired tumor samples collected before treatment and at disease progression Institutional databases were queried to identify patients with metastatic castration-resistant prostate cancer who received androgen-receptor pathway inhibition and had paired pretreatment and post-progression biopsies. Samples were assessed by quantitative immunohistochemistry and spatial transcriptomics. Marker abundance was compared within patients, and associations with clinical outcomes were explored using nonparametric tests Paired samples from 27 patients passed quality control. Median progression-free survival on therapy was 6.6 months. Baseline PSMA expression was 185 H-score, with a median on-treatment change of −19%. Substantial loss of PSMA was observed in 10 patients, whereas the remaining samples showed stable or increased expression. Neuroendocrine marker expression changed by +31% across paired samples (p=0.06). The aggregate pattern was consistent with phenotypic diversification with partial loss of target expression Longitudinal changes in PSMA after androgen-receptor pathway inhibition were heterogeneous in metastatic castration-resistant prostate cancer. Resistance was not explained by a single uniform biomarker shift, supporting multi-analyte assessment of paired samples and further mechanistic study. Research Sponsor: None.",parsed,
synT017.xml,article,synT017,10.1200/JCO.2026.44.16_suppl.synT017,Longitudinal patient-reported fatigue during adjuvant chemotherapy for early breast cancer.,"synT017 Patient-reported fatigue is common among patients receiving adjuvant chemotherapy for early breast cancer, but its trajectory during and after treatment is not consistently captured in routine oncology practice. We characterized longitudinal symptom burden and factors associated with clinically meaningful worsening Participants completed the PROMIS Fatigue Short Form at baseline, cycle 2, end of treatment, and 3 months after treatment. Mixed-effects models evaluated change over time, and multivariable regression assessed baseline clinical and patient-reported predictors. A prespecified threshold was used to define clinically meaningful worsening from baseline The cohort included 214 patients. Mean symptom score was 51.2 at baseline, reached 60.8 at the period of greatest burden, and was 54.1 at the final assessment. Clinically meaningful worsening occurred in 48% of participants. In adjusted analysis, baseline sleep disturbance was independently associated with worse longitudinal symptom scores (β=0.31, p=<0.001). Completion rates exceeded 80% at each scheduled assessment Fatigue changed substantially over the treatment course among patients receiving adjuvant chemotherapy for early breast cancer. Routine longitudinal assessment may identify patients who would benefit from earlier supportive care, particularly those with baseline sleep disturbance. Research Sponsor: None.",283-217 | 261-492 | 3282-206 | 4 | 3 | 2,Sara Khan | Daniel Okafor | Amina Hassan,"Southern Clinical Oncology Center, Atlanta, GA | Pacific Precision Medicine Institute, San Francisco, CA | Great Lakes Cancer Consortium, Detroit, MI",Journal of Clinical Oncology,Breast Cancer,2026,"Longitudinal patient-reported fatigue during adjuvant chemotherapy for early breast cancer. synT017 Patient-reported fatigue is common among patients receiving adjuvant chemotherapy for early breast cancer, but its trajectory during and after treatment is not consistently captured in routine oncology practice. We characterized longitudinal symptom burden and factors associated with clinically meaningful worsening Participants completed the PROMIS Fatigue Short Form at baseline, cycle 2, end of treatment, and 3 months after treatment. Mixed-effects models evaluated change over time, and multivariable regression assessed baseline clinical and patient-reported predictors. A prespecified threshold was used to define clinically meaningful worsening from baseline The cohort included 214 patients. Mean symptom score was 51.2 at baseline, reached 60.8 at the period of greatest burden, and was 54.1 at the final assessment. Clinically meaningful worsening occurred in 48% of participants. In adjusted analysis, baseline sleep disturbance was independently associated with worse longitudinal symptom scores (β=0.31, p=<0.001). Completion rates exceeded 80% at each scheduled assessment Fatigue changed substantially over the treatment course among patients receiving adjuvant chemotherapy for early breast cancer. Routine longitudinal assessment may identify patients who would benefit from earlier supportive care, particularly those with baseline sleep disturbance. Research Sponsor: None.",parsed,
synT018.xml,article,synT018,10.1200/JCO.2026.44.16_suppl.synT018,Longitudinal patient-reported neuropathy during oxaliplatin-based therapy for colorectal cancer.,"synT018 Patient-reported peripheral neuropathy is common among patients receiving oxaliplatin-based therapy for colorectal cancer, but its trajectory during and after treatment is not consistently captured in routine oncology practice. We characterized longitudinal symptom burden and factors associated with clinically meaningful worsening Participants completed the EORTC QLQ-CIPN20 at baseline, cycle 4, end of treatment, and 3 months after treatment. Mixed-effects models evaluated change over time, and multivariable regression assessed baseline clinical and patient-reported predictors. A prespecified threshold was used to define clinically meaningful worsening from baseline The cohort included 188 patients. Mean symptom score was 6.4 at baseline, reached 32.7 at the period of greatest burden, and was 24.6 at the final assessment. Clinically meaningful worsening occurred in 42% of participants. In adjusted analysis, higher cumulative oxaliplatin dose was independently associated with worse longitudinal symptom scores (β=0.28, p=<0.001). Completion rates exceeded 80% at each scheduled assessment Peripheral neuropathy changed substantially over the treatment course among patients receiving oxaliplatin-based therapy for colorectal cancer. Routine longitudinal assessment may identify patients who would benefit from earlier supportive care, particularly those with higher cumulative oxaliplatin dose. Research Sponsor: Supportive Care Research Program.",283-217 | 261-492 | 3282-206 | 4 | 3 | 2,Lucas Martins | Priya Nair | Hannah Lee,"Pacific Precision Medicine Institute, San Francisco, CA | Great Lakes Cancer Consortium, Detroit, MI | Northbridge Cancer Institute, Boston, MA",Journal of Clinical Oncology,Gastrointestinal Cancer—Colorectal,2026,"Longitudinal patient-reported neuropathy during oxaliplatin-based therapy for colorectal cancer. synT018 Patient-reported peripheral neuropathy is common among patients receiving oxaliplatin-based therapy for colorectal cancer, but its trajectory during and after treatment is not consistently captured in routine oncology practice. We characterized longitudinal symptom burden and factors associated with clinically meaningful worsening Participants completed the EORTC QLQ-CIPN20 at baseline, cycle 4, end of treatment, and 3 months after treatment. Mixed-effects models evaluated change over time, and multivariable regression assessed baseline clinical and patient-reported predictors. A prespecified threshold was used to define clinically meaningful worsening from baseline The cohort included 188 patients. Mean symptom score was 6.4 at baseline, reached 32.7 at the period of greatest burden, and was 24.6 at the final assessment. Clinically meaningful worsening occurred in 42% of participants. In adjusted analysis, higher cumulative oxaliplatin dose was independently associated with worse longitudinal symptom scores (β=0.28, p=<0.001). Completion rates exceeded 80% at each scheduled assessment Peripheral neuropathy changed substantially over the treatment course among patients receiving oxaliplatin-based therapy for colorectal cancer. Routine longitudinal assessment may identify patients who would benefit from earlier supportive care, particularly those with higher cumulative oxaliplatin dose. Research Sponsor: Supportive Care Research Program.",parsed,
synT019.xml,article,synT019,10.1200/JCO.2026.44.16_suppl.synT019,Longitudinal patient-reported pain during radioligand therapy for metastatic prostate cancer.,"synT019 Patient-reported pain interference is common among patients receiving radioligand therapy for metastatic prostate cancer, but its trajectory during and after treatment is not consistently captured in routine oncology practice. We characterized longitudinal symptom burden and factors associated with clinically meaningful worsening Participants completed the Brief Pain Inventory at baseline, after cycle 2, end of treatment, and 3 months after treatment. Mixed-effects models evaluated change over time, and multivariable regression assessed baseline clinical and patient-reported predictors. A prespecified threshold was used to define clinically meaningful worsening from baseline The cohort included 156 patients. Mean symptom score was 4.8 at baseline, reached 3.6 at the period of greatest burden, and was 3.9 at the final assessment. Clinically meaningful worsening occurred in 39% of participants. In adjusted analysis, baseline skeletal disease burden was independently associated with worse longitudinal symptom scores (β=0.26, p=0.002). Completion rates exceeded 80% at each scheduled assessment Pain interference changed substantially over the treatment course among patients receiving radioligand therapy for metastatic prostate cancer. Routine longitudinal assessment may identify patients who would benefit from earlier supportive care, particularly those with baseline skeletal disease burden. Research Sponsor: None.",283-217 | 261-492 | 3282-206 | 4 | 3 | 2,Hannah Lee | Lucas Martins | Camila Torres,"Great Lakes Cancer Consortium, Detroit, MI | Northbridge Cancer Institute, Boston, MA | Riverside University Medical Center, Chicago, IL",Journal of Clinical Oncology,Genitourinary Cancer—Prostate,2026,"Longitudinal patient-reported pain during radioligand therapy for metastatic prostate cancer. synT019 Patient-reported pain interference is common among patients receiving radioligand therapy for metastatic prostate cancer, but its trajectory during and after treatment is not consistently captured in routine oncology practice. We characterized longitudinal symptom burden and factors associated with clinically meaningful worsening Participants completed the Brief Pain Inventory at baseline, after cycle 2, end of treatment, and 3 months after treatment. Mixed-effects models evaluated change over time, and multivariable regression assessed baseline clinical and patient-reported predictors. A prespecified threshold was used to define clinically meaningful worsening from baseline The cohort included 156 patients. Mean symptom score was 4.8 at baseline, reached 3.6 at the period of greatest burden, and was 3.9 at the final assessment. Clinically meaningful worsening occurred in 39% of participants. In adjusted analysis, baseline skeletal disease burden was independently associated with worse longitudinal symptom scores (β=0.26, p=0.002). Completion rates exceeded 80% at each scheduled assessment Pain interference changed substantially over the treatment course among patients receiving radioligand therapy for metastatic prostate cancer. Routine longitudinal assessment may identify patients who would benefit from earlier supportive care, particularly those with baseline skeletal disease burden. Research Sponsor: None.",parsed,
synT020.xml,article,synT020,10.1200/JCO.2026.44.16_suppl.synT020,Longitudinal patient-reported sleep disturbance during cellular therapy for lymphoma.,"synT020 Patient-reported sleep disturbance is common among patients receiving CD19-directed cellular therapy for relapsed lymphoma, but its trajectory during and after treatment is not consistently captured in routine oncology practice. We characterized longitudinal symptom burden and factors associated with clinically meaningful worsening Participants completed the PROMIS Sleep Disturbance Short Form at baseline, day 14, day 30, and day 90 after infusion. Mixed-effects models evaluated change over time, and multivariable regression assessed baseline clinical and patient-reported predictors. A prespecified threshold was used to define clinically meaningful worsening from baseline The cohort included 143 patients. Mean symptom score was 53.9 at baseline, reached 61.5 at the period of greatest burden, and was 55.0 at the final assessment. Clinically meaningful worsening occurred in 35% of participants. In adjusted analysis, grade 2 or higher cytokine release syndrome was independently associated with worse longitudinal symptom scores (β=0.24, p=0.004). Completion rates exceeded 80% at each scheduled assessment Sleep disturbance changed substantially over the treatment course among patients receiving CD19-directed cellular therapy for relapsed lymphoma. Routine longitudinal assessment may identify patients who would benefit from earlier supportive care, particularly those with grade 2 or higher cytokine release syndrome. Research Sponsor: Cell Therapy Outcomes Consortium.",283-217 | 261-492 | 3282-206 | 4 | 3 | 2,Grace Morgan | Oliver Chen | Priya Nair,"Northbridge Cancer Institute, Boston, MA | Riverside University Medical Center, Chicago, IL | Central Oncology Research Hospital, Houston, TX",Journal of Clinical Oncology,Hematologic Malignancies—Lymphoma,2026,"Longitudinal patient-reported sleep disturbance during cellular therapy for lymphoma. synT020 Patient-reported sleep disturbance is common among patients receiving CD19-directed cellular therapy for relapsed lymphoma, but its trajectory during and after treatment is not consistently captured in routine oncology practice. We characterized longitudinal symptom burden and factors associated with clinically meaningful worsening Participants completed the PROMIS Sleep Disturbance Short Form at baseline, day 14, day 30, and day 90 after infusion. Mixed-effects models evaluated change over time, and multivariable regression assessed baseline clinical and patient-reported predictors. A prespecified threshold was used to define clinically meaningful worsening from baseline The cohort included 143 patients. Mean symptom score was 53.9 at baseline, reached 61.5 at the period of greatest burden, and was 55.0 at the final assessment. Clinically meaningful worsening occurred in 35% of participants. In adjusted analysis, grade 2 or higher cytokine release syndrome was independently associated with worse longitudinal symptom scores (β=0.24, p=0.004). Completion rates exceeded 80% at each scheduled assessment Sleep disturbance changed substantially over the treatment course among patients receiving CD19-directed cellular therapy for relapsed lymphoma. Routine longitudinal assessment may identify patients who would benefit from earlier supportive care, particularly those with grade 2 or higher cytokine release syndrome. Research Sponsor: Cell Therapy Outcomes Consortium.",parsed,
