template_cluster_id,cluster_size,record_id,source_file,similar_record_ids,similarity_score,cluster_severity,shared_skeleton_excerpt,metadata_context,template_pattern_type,original_text_similarity,masked_skeleton_similarity,ngram_similarity,weighted_section_similarity,section_similarities,variable_substitutions,cluster_cohesion,cluster_edge_density,supporting_connections,review_explanation,exclusion_reason,title,journal,publication_year,article_type
TPL-0001,4,synT001,synT001.xml,synT002 | synT003 | synT004,0.929,candidate,"the primary endpoint was real-world progression-free survival (rwpfs); secondary endpoints included objective response rate (orr), overall survival (os), treatment duration, and grade <num> or higher adverse events.",journal=Journal of Clinical Oncology; type=Breast Cancer—Metastatic; year=2026; authors=3; affiliations=3; schema=article,shared_section,0.82,0.903,0.746,0.902,background=0.848; conclusions=0.863; methods=0.937; results=0.929,percent: 98% | 47.2% | 24.1% | 7.0% -> 64% | 61.8% | 18.7% | 3.8%; gene: HER2- | HER2- | HER2- -> none; drug: trastuzumab | trastuzumab | trastuzumab -> osimertinib | osimertinib | osimertinib; number: 2021 | 2025 | 3 | 286 -> 2020 | 2025 | 3 | 341,0.925,1.0,3,"Shared Section candidate; masked=0.903, original=0.820, ngram=0.746, weighted_sections=0.902, median_cluster_similarity=0.925, edge_density=1.000.",,Real-world effectiveness of trastuzumab deruxtecan in HER2-low metastatic breast cancer.,Journal of Clinical Oncology,2026,Breast Cancer—Metastatic
TPL-0001,4,synT002,synT002.xml,synT001 | synT003 | synT004,0.933,candidate,"the primary endpoint was real-world progression-free survival (rwpfs); secondary endpoints included objective response rate (orr), overall survival (os), treatment duration, and grade <num> or higher adverse events.",journal=Journal of Clinical Oncology; type=Lung Cancer—Non-Small Cell Metastatic; year=2026; authors=3; affiliations=3; schema=article,shared_section,0.822,0.885,0.742,0.888,background=0.794; conclusions=0.843; methods=0.912; results=0.933,percent: 64% | 61.8% | 18.7% | 3.8% -> 0% | 28.4% | 21.2% | 8.1%; drug: osimertinib | osimertinib | osimertinib -> none; number: 2020 | 2025 | 3 | 341 -> 177 | 177 | 2022 | 2025,0.925,1.0,3,"Shared Section candidate; masked=0.885, original=0.822, ngram=0.742, weighted_sections=0.888, median_cluster_similarity=0.925, edge_density=1.000.",,Real-world effectiveness of osimertinib in EGFR-mutated metastatic non-small cell lung cancer.,Journal of Clinical Oncology,2026,Lung Cancer—Non-Small Cell Metastatic
TPL-0001,4,synT003,synT003.xml,synT001 | synT002 | synT004,0.928,candidate,"the primary endpoint was real-world progression-free survival (rwpfs); secondary endpoints included objective response rate (orr), overall survival (os), treatment duration, and grade <num> or higher adverse events.",journal=Journal of Clinical Oncology; type=Gastrointestinal Cancer—Colorectal; year=2026; authors=3; affiliations=3; schema=article,shared_section,0.808,0.886,0.742,0.884,background=0.824; conclusions=0.819; methods=0.925; results=0.928,percent: 46% | 32.6% | 29.9% | 14.7% -> 64% | 61.8% | 18.7% | 3.8%; drug: cetuximab | cetuximab | cetuximab -> osimertinib | osimertinib | osimertinib; number: 2019 | 2024 | 3 | 224 -> 2020 | 2025 | 3 | 341,0.925,1.0,3,"Shared Section candidate; masked=0.886, original=0.808, ngram=0.742, weighted_sections=0.884, median_cluster_similarity=0.925, edge_density=1.000.",,Real-world effectiveness of cetuximab plus irinotecan in RAS wild-type metastatic colorectal cancer.,Journal of Clinical Oncology,2026,Gastrointestinal Cancer—Colorectal
TPL-0001,4,synT004,synT004.xml,synT001 | synT002 | synT003,0.933,candidate,"the primary endpoint was real-world progression-free survival (rwpfs); secondary endpoints included objective response rate (orr), overall survival (os), treatment duration, and grade <num> or higher adverse events.",journal=Journal of Clinical Oncology; type=Genitourinary Cancer—Prostate; year=2026; authors=3; affiliations=3; schema=article,shared_section,0.822,0.885,0.742,0.888,background=0.794; conclusions=0.843; methods=0.912; results=0.933,percent: 0% | 28.4% | 21.2% | 8.1% -> 64% | 61.8% | 18.7% | 3.8%; drug: none -> osimertinib | osimertinib | osimertinib; number: 177 | 177 | 2022 | 2025 -> 2020 | 2025 | 3 | 341,0.925,1.0,3,"Shared Section candidate; masked=0.885, original=0.822, ngram=0.742, weighted_sections=0.888, median_cluster_similarity=0.925, edge_density=1.000.",,Real-world effectiveness of lutetium-177 PSMA therapy in metastatic castration-resistant prostate cancer.,Journal of Clinical Oncology,2026,Genitourinary Cancer—Prostate
TPL-0002,4,synT005,synT005.xml,synT006 | synT007 | synT008,0.923,candidate,we examined inpatient outcomes and resource utilization associated with this complication we analyzed the national inpatient sample for <num>–<num>.,journal=Journal of Clinical Oncology; type=Breast Cancer; year=2026; authors=3; affiliations=3; schema=article,shared_section,0.822,0.917,0.721,0.92,background=0.909; conclusions=0.923; methods=0.946; results=0.908,percent: 97.8% -> 48.6%; number: 2017 | 2022 | 10 | 184 -> 2018 | 2022 | 10 | 236,0.91,1.0,3,"Shared Section candidate; masked=0.917, original=0.822, ngram=0.721, weighted_sections=0.920, median_cluster_similarity=0.910, edge_density=1.000.",,Inpatient outcomes associated with heart failure among adults hospitalized with breast cancer.,Journal of Clinical Oncology,2026,Breast Cancer
TPL-0002,4,synT006,synT006.xml,synT005 | synT007 | synT008,0.923,candidate,we examined inpatient outcomes and resource utilization associated with this complication we analyzed the national inpatient sample for <num>–<num>.,journal=Journal of Clinical Oncology; type=Lung Cancer; year=2026; authors=3; affiliations=3; schema=article,shared_section,0.822,0.917,0.721,0.92,background=0.909; conclusions=0.923; methods=0.946; results=0.908,percent: 48.6% -> 97.8%; number: 2018 | 2022 | 10 | 236 -> 2017 | 2022 | 10 | 184,0.91,1.0,3,"Shared Section candidate; masked=0.917, original=0.822, ngram=0.721, weighted_sections=0.920, median_cluster_similarity=0.910, edge_density=1.000.",,Inpatient outcomes associated with atrial fibrillation among adults hospitalized with lung cancer.,Journal of Clinical Oncology,2026,Lung Cancer
TPL-0002,4,synT007,synT007.xml,synT005 | synT006 | synT008,0.911,candidate,we examined inpatient outcomes and resource utilization associated with this complication we analyzed the national inpatient sample for <num>–<num>.,journal=Journal of Clinical Oncology; type=Gastrointestinal Cancer—Colorectal; year=2026; authors=3; affiliations=3; schema=article,shared_section,0.798,0.892,0.687,0.893,background=0.896; conclusions=0.911; methods=0.938; results=0.857,percent: 49.3% -> 97.8%; number: 2016 | 2021 | 10 | 142 -> 2017 | 2022 | 10 | 184,0.91,1.0,3,"Shared Section candidate; masked=0.892, original=0.798, ngram=0.687, weighted_sections=0.893, median_cluster_similarity=0.910, edge_density=1.000.",,Inpatient outcomes associated with acute kidney injury among adults hospitalized with colorectal cancer.,Journal of Clinical Oncology,2026,Gastrointestinal Cancer—Colorectal
TPL-0002,4,synT008,synT008.xml,synT005 | synT006 | synT007,0.909,candidate,we examined inpatient outcomes and resource utilization associated with this complication we analyzed the national inpatient sample for <num>–<num>.,journal=Journal of Clinical Oncology; type=Hematologic Malignancies—Lymphoma; year=2026; authors=3; affiliations=3; schema=article,shared_section,0.813,0.904,0.717,0.907,background=0.892; conclusions=0.909; methods=0.937; results=0.895,percent: 45.1% -> 97.8%; number: 2017 | 2022 | 10 | 119 -> 2017 | 2022 | 10 | 184,0.91,1.0,3,"Shared Section candidate; masked=0.904, original=0.813, ngram=0.717, weighted_sections=0.907, median_cluster_similarity=0.910, edge_density=1.000.",,Inpatient outcomes associated with venous thromboembolism among adults hospitalized with lymphoma.,Journal of Clinical Oncology,2026,Hematologic Malignancies—Lymphoma
TPL-0003,4,synT009,synT009.xml,synT010 | synT011 | synT012,0.948,candidate,"analytical sensitivity, specificity, precision, reproducibility, reportable range, and limit of detection were evaluated with reference materials, contrived specimens, and residual clinical samples.",journal=Journal of Clinical Oncology; type=Breast Cancer; year=2026; authors=3; affiliations=3; schema=article,shared_section,0.789,0.837,0.675,0.858,background=0.795; conclusions=0.788; methods=0.811; results=0.948,percent: 0.20% | 98.5% | 99.4% | 6.2% -> 0.25% | 97.1% | 99.1% | 7.4%; gene: ESR1 | ESR1 | ESR1 -> none; number: 12 | 8 | 0.20 | 98.5 -> 18 | 10 | 0.25 | 97.1,0.932,1.0,3,"Shared Section candidate; masked=0.837, original=0.789, ngram=0.675, weighted_sections=0.858, median_cluster_similarity=0.932, edge_density=1.000.",,Analytical validation of a multiplex digital PCR assay for ESR1 mutations in advanced breast cancer.,Journal of Clinical Oncology,2026,Breast Cancer
TPL-0003,4,synT010,synT010.xml,synT009 | synT011 | synT012,0.948,candidate,"analytical sensitivity, specificity, precision, reproducibility, reportable range, and limit of detection were evaluated with reference materials, contrived specimens, and residual clinical samples.",journal=Journal of Clinical Oncology; type=Lung Cancer; year=2026; authors=3; affiliations=3; schema=article,shared_section,0.789,0.837,0.675,0.858,background=0.795; conclusions=0.788; methods=0.811; results=0.948,percent: 0.25% | 97.1% | 99.1% | 7.4% -> 0.20% | 98.5% | 99.4% | 6.2%; gene: none -> ESR1 | ESR1 | ESR1; number: 18 | 10 | 0.25 | 97.1 -> 12 | 8 | 0.20 | 98.5,0.932,1.0,3,"Shared Section candidate; masked=0.837, original=0.789, ngram=0.675, weighted_sections=0.858, median_cluster_similarity=0.932, edge_density=1.000.",,Analytical validation of a targeted ctDNA assay for EGFR resistance mutations in non-small cell lung cancer.,Journal of Clinical Oncology,2026,Lung Cancer
TPL-0003,4,synT011,synT011.xml,synT009 | synT010 | synT012,0.939,candidate,"analytical sensitivity, specificity, precision, reproducibility, reportable range, and limit of detection were evaluated with reference materials, contrived specimens, and residual clinical samples.",journal=Journal of Clinical Oncology; type=Gastrointestinal Cancer—Colorectal; year=2026; authors=3; affiliations=3; schema=article,shared_section,0.796,0.86,0.672,0.874,background=0.872; conclusions=0.832; methods=0.811; results=0.939,percent: 0.35% | 95.8% | 98.7% | 8.1% -> 0.20% | 98.5% | 99.4% | 6.2%; gene: SEPT9 | SEPT9 | SEPT9 -> ESR1 | ESR1 | ESR1; number: 12 | 0.35 | 95.8 | 98.7 -> 12 | 8 | 0.20 | 98.5,0.932,1.0,3,"Shared Section candidate; masked=0.860, original=0.796, ngram=0.672, weighted_sections=0.874, median_cluster_similarity=0.932, edge_density=1.000.",,Analytical validation of a methylation-specific PCR assay for SEPT9 in colorectal cancer.,Journal of Clinical Oncology,2026,Gastrointestinal Cancer—Colorectal
TPL-0003,4,synT012,synT012.xml,synT009 | synT010 | synT011,0.941,candidate,"analytical sensitivity, specificity, precision, reproducibility, reportable range, and limit of detection were evaluated with reference materials, contrived specimens, and residual clinical samples.",journal=Journal of Clinical Oncology; type=Gynecologic Cancer—Ovarian; year=2026; authors=3; affiliations=3; schema=article,shared_section,0.764,0.818,0.685,0.841,background=0.759; conclusions=0.750; methods=0.817; results=0.941,percent: 2.0% | 96.4% | 99.0% | 5.9% -> 0.20% | 98.5% | 99.4% | 6.2%; gene: BRCA1 | BRCA1 | BRCA1 -> ESR1 | ESR1 | ESR1; number: 2 | 2 | 24 | 40 -> 12 | 8 | 0.20 | 98.5,0.932,1.0,3,"Shared Section candidate; masked=0.818, original=0.764, ngram=0.685, weighted_sections=0.841, median_cluster_similarity=0.932, edge_density=1.000.",,Analytical validation of a hybrid-capture panel for BRCA1/2 and homologous recombination deficiency in ovarian cancer.,Journal of Clinical Oncology,2026,Gynecologic Cancer—Ovarian
TPL-0004,4,synT013,synT013.xml,synT014 | synT015 | synT016,0.821,candidate,"marker abundance was compared within patients, and associations with clinical outcomes were explored using nonparametric tests paired samples from <num> patients passed quality control.",journal=Journal of Clinical Oncology; type=Breast Cancer—Metastatic; year=2026; authors=3; affiliations=3; schema=article,reordered_or_partial_template,0.785,0.821,0.588,0.819,background=0.846; conclusions=0.800; methods=0.840; results=0.816,pvalue: p=0.08 -> p=0.06; percent: 24% | 18% -> 19% | 31%; gene: TROP2 | TROP2 | TROP2 | TROP2 -> none; drug: sacituzumab | sacituzumab | sacituzumab -> none; number: 32 | 5.8 | 2 | 140 -> 27 | 6.6 | 185 | 19,0.808,1.0,3,"Reordered Or Partial Template candidate; masked=0.821, original=0.785, ngram=0.588, weighted_sections=0.819, median_cluster_similarity=0.808, edge_density=1.000.",,Paired-biopsy analysis of TROP2 expression before and after sacituzumab govitecan in metastatic breast cancer.,Journal of Clinical Oncology,2026,Breast Cancer—Metastatic
TPL-0004,4,synT014,synT014.xml,synT013 | synT015 | synT016,0.805,candidate,"marker abundance was compared within patients, and associations with clinical outcomes were explored using nonparametric tests paired samples from <num> patients passed quality control.",journal=Journal of Clinical Oncology; type=Melanoma/Skin Cancers; year=2026; authors=3; affiliations=3; schema=article,reordered_or_partial_template,0.769,0.801,0.552,0.798,background=0.853; conclusions=0.805; methods=0.845; results=0.755,pvalue: p=0.04 -> p=0.08; percent: 18% | 22% -> 24% | 18%; gene: PD-1 | PD-1 | PD-1 -> TROP2 | TROP2 | TROP2 | TROP2; drug: none -> sacituzumab | sacituzumab | sacituzumab; number: 1 | 1 | 29 | 7.1 -> 32 | 5.8 | 2 | 140,0.808,1.0,3,"Reordered Or Partial Template candidate; masked=0.801, original=0.769, ngram=0.552, weighted_sections=0.798, median_cluster_similarity=0.808, edge_density=1.000.",,Paired-biopsy analysis of PD-L1 expression before and after anti-PD-1 therapy in metastatic melanoma.,Journal of Clinical Oncology,2026,Melanoma/Skin Cancers
TPL-0004,4,synT015,synT015.xml,synT013 | synT014 | synT016,0.818,candidate,"marker abundance was compared within patients, and associations with clinical outcomes were explored using nonparametric tests paired samples from <num> patients passed quality control.",journal=Journal of Clinical Oncology; type=Lung Cancer—Non-Small Cell Metastatic; year=2026; authors=3; affiliations=3; schema=article,reordered_or_partial_template,0.767,0.818,0.577,0.813,background=0.872; conclusions=0.795; methods=0.843; results=0.797,pvalue: p=0.03 -> p=0.08; percent: 38% | 17% -> 24% | 18%; gene: none -> TROP2 | TROP2 | TROP2 | TROP2; drug: osimertinib | osimertinib | osimertinib -> sacituzumab | sacituzumab | sacituzumab; number: 35 | 12.9 | 1.3 | 38 -> 32 | 5.8 | 2 | 140,0.808,1.0,3,"Reordered Or Partial Template candidate; masked=0.818, original=0.767, ngram=0.577, weighted_sections=0.813, median_cluster_similarity=0.808, edge_density=1.000.",,Paired-biopsy analysis of MET expression before and after osimertinib in EGFR-mutated lung cancer.,Journal of Clinical Oncology,2026,Lung Cancer—Non-Small Cell Metastatic
TPL-0004,4,synT016,synT016.xml,synT013 | synT014 | synT015,0.821,candidate,"marker abundance was compared within patients, and associations with clinical outcomes were explored using nonparametric tests paired samples from <num> patients passed quality control.",journal=Journal of Clinical Oncology; type=Genitourinary Cancer—Prostate; year=2026; authors=3; affiliations=3; schema=article,reordered_or_partial_template,0.785,0.821,0.588,0.819,background=0.846; conclusions=0.800; methods=0.840; results=0.816,pvalue: p=0.06 -> p=0.08; percent: 19% | 31% -> 24% | 18%; gene: none -> TROP2 | TROP2 | TROP2 | TROP2; drug: none -> sacituzumab | sacituzumab | sacituzumab; number: 27 | 6.6 | 185 | 19 -> 32 | 5.8 | 2 | 140,0.808,1.0,3,"Reordered Or Partial Template candidate; masked=0.821, original=0.785, ngram=0.588, weighted_sections=0.819, median_cluster_similarity=0.808, edge_density=1.000.",,Paired-biopsy analysis of PSMA expression before and after androgen-receptor pathway inhibition in metastatic prostate cancer.,Journal of Clinical Oncology,2026,Genitourinary Cancer—Prostate
TPL-0005,4,synT017,synT017.xml,synT018 | synT019 | synT020,0.942,candidate,"mixed-effects models evaluated change over time, and multivariable regression assessed baseline clinical and patient-reported predictors.",journal=Journal of Clinical Oncology; type=Breast Cancer; year=2026; authors=3; affiliations=3; schema=article,shared_section,0.821,0.869,0.76,0.864,background=0.867; conclusions=0.716; methods=0.926; results=0.942,percent: 48% | 80% -> 42% | 80%; gene: none -> CIPN20; number: 2 | 3 | 214 | 51.2 -> 4 | 3 | 188 | 6.4,0.91,1.0,3,"Shared Section candidate; masked=0.869, original=0.821, ngram=0.760, weighted_sections=0.864, median_cluster_similarity=0.910, edge_density=1.000.",,Longitudinal patient-reported fatigue during adjuvant chemotherapy for early breast cancer.,Journal of Clinical Oncology,2026,Breast Cancer
TPL-0005,4,synT018,synT018.xml,synT017 | synT019 | synT020,0.942,candidate,"mixed-effects models evaluated change over time, and multivariable regression assessed baseline clinical and patient-reported predictors.",journal=Journal of Clinical Oncology; type=Gastrointestinal Cancer—Colorectal; year=2026; authors=3; affiliations=3; schema=article,shared_section,0.821,0.869,0.76,0.864,background=0.867; conclusions=0.716; methods=0.926; results=0.942,percent: 42% | 80% -> 48% | 80%; gene: CIPN20 -> none; number: 4 | 3 | 188 | 6.4 -> 2 | 3 | 214 | 51.2,0.91,1.0,3,"Shared Section candidate; masked=0.869, original=0.821, ngram=0.760, weighted_sections=0.864, median_cluster_similarity=0.910, edge_density=1.000.",,Longitudinal patient-reported neuropathy during oxaliplatin-based therapy for colorectal cancer.,Journal of Clinical Oncology,2026,Gastrointestinal Cancer—Colorectal
TPL-0005,4,synT019,synT019.xml,synT017 | synT018 | synT020,0.933,candidate,"mixed-effects models evaluated change over time, and multivariable regression assessed baseline clinical and patient-reported predictors.",journal=Journal of Clinical Oncology; type=Genitourinary Cancer—Prostate; year=2026; authors=3; affiliations=3; schema=article,shared_section,0.841,0.881,0.726,0.882,background=0.867; conclusions=0.795; methods=0.917; results=0.933,pvalue: p=0.002 -> none; percent: 39% | 80% -> 48% | 80%; number: 2 | 3 | 156 | 4.8 -> 2 | 3 | 214 | 51.2,0.91,1.0,3,"Shared Section candidate; masked=0.881, original=0.841, ngram=0.726, weighted_sections=0.882, median_cluster_similarity=0.910, edge_density=1.000.",,Longitudinal patient-reported pain during radioligand therapy for metastatic prostate cancer.,Journal of Clinical Oncology,2026,Genitourinary Cancer—Prostate
TPL-0005,4,synT020,synT020.xml,synT017 | synT018 | synT019,0.894,candidate,"mixed-effects models evaluated change over time, and multivariable regression assessed baseline clinical and patient-reported predictors.",journal=Journal of Clinical Oncology; type=Hematologic Malignancies—Lymphoma; year=2026; authors=3; affiliations=3; schema=article,shared_section,0.768,0.813,0.654,0.807,background=0.833; conclusions=0.659; methods=0.844; results=0.894,pvalue: p=0.004 -> none; percent: 35% | 80% -> 48% | 80%; gene: CD19- | CD19- -> none; number: 14 | 30 | 90 | 143 -> 2 | 3 | 214 | 51.2,0.91,1.0,3,"Shared Section candidate; masked=0.813, original=0.768, ngram=0.654, weighted_sections=0.807, median_cluster_similarity=0.910, edge_density=1.000.",,Longitudinal patient-reported sleep disturbance during cellular therapy for lymphoma.,Journal of Clinical Oncology,2026,Hematologic Malignancies—Lymphoma
